sid,search,"splunk_server","_time","is_realtime",provenance,"api_et","api_lt","event_count","exec_time","result_count","scan_count","search_et","search_lt",status,"total_run_time","__mv_sid","__mv_search","__mv_splunk_server","__mv__time","__mv_is_realtime","__mv_provenance","__mv_api_et","__mv_api_lt","__mv_event_count","__mv_exec_time","__mv_result_count","__mv_scan_count","__mv_search_et","__mv_search_lt","__mv_status","__mv_total_run_time"
"rt_md_1589226324.2","| metadata type=sourcetypes | search totalCount > 0","splunk-web-gui","1589226324.987627",1,"UI:Search",,,0,1589226325,0,0,,,canceled,"11.027000000000001",,,,,,,,,,,,,,,,
"1589226336.11","search index=main","splunk-web-gui","1589226336.018836",0,"UI:Search","1589137200.000000000","1589226336.000000000",20,1589226336,20,20,"1589137200.000000000","1589226336.000000000",completed,"0.14100000000000001",,,,,,,,,,,,,,,,
"1589226404.13","search index=main","splunk-web-gui","1589226404.839088",0,"UI:Search","1589137200.000000000","1589226404.000000000",20,1589226404,20,20,"1589137200.000000000","1589226404.000000000",completed,"0.156",,,,,,,,,,,,,,,,
"rt_md_1589246600.42","| metadata type=sourcetypes | search totalCount > 0","splunk-web-gui","1589246600.408455",1,"UI:Search",,,0,1589246600,0,0,,,canceled,"9.035",,,,,,,,,,,,,,,,
"1589246609.50","search index=*","splunk-web-gui","1589246609.392700",0,"UI:Search","1589158800.000000000","1589246609.000000000",31,1589246609,31,31,"1589158800.000000000","1589246609.000000000",completed,"0.17400000000000002",,,,,,,,,,,,,,,,
"1589246688.51","search index=* sourcetype=""nginx-access-logs""","splunk-web-gui","1589246688.551732",0,"UI:Search","1589158800.000000000","1589246688.000000000",31,1589246688,31,31,"1589158800.000000000","1589246688.000000000",completed,"0.171",,,,,,,,,,,,,,,,
"1589246693.52","search index=* sourcetype=""nginx-access-logs"" client_ip=""172.21.0.1""","splunk-web-gui","1589246693.168543",0,"UI:Search","1589158800.000000000","1589246693.000000000",28,1589246693,28,31,"1589158800.000000000","1589246693.000000000",completed,"0.117",,,,,,,,,,,,,,,,
"1589246701.53","search index=* sourcetype=""nginx-access-logs"" client_ip=""172.21.0.1"" path=""/docs""","splunk-web-gui","1589246701.323207",0,"UI:Search","1589158800.000000000","1589246701.000000000",1,1589246701,1,2,"1589158800.000000000","1589246701.000000000",completed,"0.137",,,,,,,,,,,,,,,,
"rt_md_1589249186.2","| metadata type=sourcetypes | search totalCount > 0","splunk-web-gui","1589249186.469974",1,"UI:Search",,,0,1589249186,0,0,,,canceled,"6.029",,,,,,,,,,,,,,,,
"1589249191.9","search index=*","splunk-web-gui","1589249191.850751",0,"UI:Search","1589162400.000000000","1589249191.000000000",45,1589249191,45,45,"1589162400.000000000","1589249191.000000000",completed,"0.181",,,,,,,,,,,,,,,,
"1589249195.10","search index=* sourcetype=""nginx-access-logs""","splunk-web-gui","1589249195.692247",0,"UI:Search","1589162400.000000000","1589249195.000000000",45,1589249195,45,45,"1589162400.000000000","1589249195.000000000",completed,"0.10300000000000001",,,,,,,,,,,,,,,,
"1589249307.12","| loadjob 1589249195.10 events=t ignore_running=f require_finished=f | search index=* OR index=_* sourcetype=nginx-access-logs | rex field=_raw ""^(?<client_ip>\\d{1,3}\\.\\d{1,3}\\.\\d{1,3}\\.\\d{1,3})"" offset_field=_extracted_fields_bounds0 | rex field=_raw ""^(?:[^ \\n]* ){8}(?P<code>\\d+)"" offset_field=_extracted_fields_bounds1 | rex field=_raw ""\\\""(?<method>[A-Z]{3,4})\\s\\/"" offset_field=_extracted_fields_bounds2 | rex field=_raw ""\\s(?<path>\\/[^\\s\\?]+)"" offset_field=_extracted_fields_bounds3 | rex field=_raw ""(?<path>\\?[^\\s]+)\\sHTTP"" offset_field=_extracted_fields_bounds4 | rex field=_raw ""^(?:[^\\-\\n]*\\-){3}\""\\s+\""(?P<useragent>[^\""]+)"" offset_field=_extracted_fields_bounds5 | head 1000","splunk-web-gui","1589249307.422581",0,"UI:FieldExtractor",,,45,1589249307,45,0,,,completed,"0.127",,,,,,,,,,,,,,,,
"1589249309.14","| loadjob 1589249195.10 events=t ignore_running=f require_finished=f | search index=* OR index=_* sourcetype=nginx-access-logs | rex field=_raw ""^(?<client_ip>\\d{1,3}\\.\\d{1,3}\\.\\d{1,3}\\.\\d{1,3})"" offset_field=_extracted_fields_bounds0 | rex field=_raw ""^(?:[^ \\n]* ){8}(?P<code>\\d+)"" offset_field=_extracted_fields_bounds1 | rex field=_raw ""\\\""(?<method>[A-Z]{3,4})\\s\\/"" offset_field=_extracted_fields_bounds2 | rex field=_raw ""\\s(?<path>\\/[^\\s\\?]+)"" offset_field=_extracted_fields_bounds3 | rex field=_raw ""(?<path>\\?[^\\s]+)\\sHTTP"" offset_field=_extracted_fields_bounds4 | rex field=_raw ""^(?:[^\\-\\n]*\\-){3}\""\\s+\""(?P<useragent>[^\""]+)"" offset_field=_extracted_fields_bounds5 | head 1000","splunk-web-gui","1589249309.967024",0,"UI:FieldExtractor",,,45,1589249309,45,0,,,completed,"0.024",,,,,,,,,,,,,,,,
"1589249344.17","| loadjob 1589249195.10 events=t ignore_running=f require_finished=f | search index=* OR index=_* sourcetype=nginx-access-logs | rex field=_raw ""(?ms)^(?:[^/\\n]*/){7}(?P<dest>[a-z]+)"" offset_field=_extracted_fields_bounds | rex field=_raw ""^(?<client_ip>\\d{1,3}\\.\\d{1,3}\\.\\d{1,3}\\.\\d{1,3})"" offset_field=_extracted_fields_bounds0 | rex field=_raw ""^(?:[^ \\n]* ){8}(?P<code>\\d+)"" offset_field=_extracted_fields_bounds1 | rex field=_raw ""\\\""(?<method>[A-Z]{3,4})\\s\\/"" offset_field=_extracted_fields_bounds2 | rex field=_raw ""\\s(?<path>\\/[^\\s\\?]+)"" offset_field=_extracted_fields_bounds3 | rex field=_raw ""(?<path>\\?[^\\s]+)\\sHTTP"" offset_field=_extracted_fields_bounds4 | rex field=_raw ""^(?:[^\\-\\n]*\\-){3}\""\\s+\""(?P<useragent>[^\""]+)"" offset_field=_extracted_fields_bounds5 | head 1000","splunk-web-gui","1589249344.513280",0,"UI:FieldExtractor",,,45,1589249344,45,0,,,completed,"0.025",,,,,,,,,,,,,,,,
"1589249384.20","| loadjob 1589249195.10 events=t ignore_running=f require_finished=f | search index=* OR index=_* sourcetype=nginx-access-logs | rex field=_raw ""^(?<client_ip>\\d{1,3}\\.\\d{1,3}\\.\\d{1,3}\\.\\d{1,3})"" offset_field=_extracted_fields_bounds0 | rex field=_raw ""^(?:[^ \\n]* ){8}(?P<code>\\d+)"" offset_field=_extracted_fields_bounds1 | rex field=_raw ""\\\""(?<method>[A-Z]{3,4})\\s\\/"" offset_field=_extracted_fields_bounds2 | rex field=_raw ""\\s(?<path>\\/[^\\s\\?]+)"" offset_field=_extracted_fields_bounds3 | rex field=_raw ""(?<path>\\?[^\\s]+)\\sHTTP"" offset_field=_extracted_fields_bounds4 | rex field=_raw ""^(?:[^\\-\\n]*\\-){3}\""\\s+\""(?P<useragent>[^\""]+)"" offset_field=_extracted_fields_bounds5 | head 1000","splunk-web-gui","1589249384.397897",0,"UI:FieldExtractor",,,45,1589249384,45,0,,,completed,"0.025",,,,,,,,,,,,,,,,
"1589249395.23","| loadjob 1589249195.10 events=t ignore_running=f require_finished=f | search index=* OR index=_* sourcetype=nginx-access-logs | rex field=_raw ""(?ms)^(?P<field1>(?:\""(?:[^\\\\\""]|\\\\.)*\""|(?:(?:(?!(?:\\x20)|\\\\|\"").)|(?:\\\\.)))*)(?:\\x20)(?P<field2>(?:\""(?:[^\\\\\""]|\\\\.)*\""|(?:(?:(?!(?:\\x20)|\\\\|\"").)|(?:\\\\.)))*)(?:\\x20)?(?P<field3>(?:\""(?:[^\\\\\""]|\\\\.)*\""|(?:(?:(?!(?:\\x20)|\\\\|\"").)|(?:\\\\.)))*)(?:\\x20)?(?P<field4>(?:\""(?:[^\\\\\""]|\\\\.)*\""|(?:(?:(?!(?:\\x20)|\\\\|\"").)|(?:\\\\.)))*)(?:\\x20)?(?P<field5>(?:\""(?:[^\\\\\""]|\\\\.)*\""|(?:(?:(?!(?:\\x20)|\\\\|\"").)|(?:\\\\.)))*)(?:\\x20)?(?P<field6>(?:\""(?:[^\\\\\""]|\\\\.)*\""|(?:(?:(?!(?:\\x20)|\\\\|\"").)|(?:\\\\.)))*)(?:\\x20)?(?P<field7>(?:\""(?:[^\\\\\""]|\\\\.)*\""|(?:(?:(?!(?:\\x20)|\\\\|\"").)|(?:\\\\.)))*)(?:\\x20)?(?P<field8>(?:\""(?:[^\\\\\""]|\\\\.)*\""|(?:(?:(?!(?:\\x20)|\\\\|\"").)|(?:\\\\.)))*)(?:\\x20)?(?P<field9>(?:\""(?:[^\\\\\""]|\\\\.)*\""|(?:(?:(?!(?:\\x20)|\\\\|\"").)|(?:\\\\.)))*)(?:\\x20)?(?P<field10>(?:\""(?:[^\\\\\""]|\\\\.)*\""|(?:(?:(?!(?:\\x20)|\\\\|\"").)|(?:\\\\.)))*)(?:\\x20)?(?P<field11>(?:\""(?:[^\\\\\""]|\\\\.)*\""|(?:(?:(?!(?:\\x20)|\\\\|\"").)|(?:\\\\.)))*)"" offset_field=_extracted_fields_bounds | rex field=_raw ""^(?<client_ip>\\d{1,3}\\.\\d{1,3}\\.\\d{1,3}\\.\\d{1,3})"" offset_field=_extracted_fields_bounds0 | rex field=_raw ""^(?:[^ \\n]* ){8}(?P<code>\\d+)"" offset_field=_extracted_fields_bounds1 | rex field=_raw ""\\\""(?<method>[A-Z]{3,4})\\s\\/"" offset_field=_extracted_fields_bounds2 | rex field=_raw ""\\s(?<path>\\/[^\\s\\?]+)"" offset_field=_extracted_fields_bounds3 | rex field=_raw ""(?<path>\\?[^\\s]+)\\sHTTP"" offset_field=_extracted_fields_bounds4 | rex field=_raw ""^(?:[^\\-\\n]*\\-){3}\""\\s+\""(?P<useragent>[^\""]+)"" offset_field=_extracted_fields_bounds5 | head 1000","splunk-web-gui","1589249395.343062",0,"UI:FieldExtractor",,,45,1589249395,45,0,,,completed,"0.032",,,,,,,,,,,,,,,,
"1589249420.25","| loadjob 1589249195.10 events=t ignore_running=f require_finished=f | search index=* OR index=_* sourcetype=nginx-access-logs | rex field=_raw ""^(?<client_ip>\\d{1,3}\\.\\d{1,3}\\.\\d{1,3}\\.\\d{1,3})"" offset_field=_extracted_fields_bounds0 | rex field=_raw ""^(?:[^ \\n]* ){8}(?P<code>\\d+)"" offset_field=_extracted_fields_bounds1 | rex field=_raw ""\\\""(?<method>[A-Z]{3,4})\\s\\/"" offset_field=_extracted_fields_bounds2 | rex field=_raw ""\\s(?<path>\\/[^\\s\\?]+)"" offset_field=_extracted_fields_bounds3 | rex field=_raw ""(?<path>\\?[^\\s]+)\\sHTTP"" offset_field=_extracted_fields_bounds4 | rex field=_raw ""^(?:[^\\-\\n]*\\-){3}\""\\s+\""(?P<useragent>[^\""]+)"" offset_field=_extracted_fields_bounds5 | head 1000","splunk-web-gui","1589249420.664623",0,"UI:FieldExtractor",,,45,1589249420,45,0,,,completed,"0.027",,,,,,,,,,,,,,,,
"1589249442.27","| loadjob 1589249195.10 events=t ignore_running=f require_finished=f | search index=* OR index=_* sourcetype=nginx-access-logs | rex field=_raw ""(?ms)^(?:[^/\\n]*/){7}(?P<dest>[a-z]+)"" offset_field=_extracted_fields_bounds | rex field=_raw ""^(?<client_ip>\\d{1,3}\\.\\d{1,3}\\.\\d{1,3}\\.\\d{1,3})"" offset_field=_extracted_fields_bounds0 | rex field=_raw ""^(?:[^ \\n]* ){8}(?P<code>\\d+)"" offset_field=_extracted_fields_bounds1 | rex field=_raw ""\\\""(?<method>[A-Z]{3,4})\\s\\/"" offset_field=_extracted_fields_bounds2 | rex field=_raw ""\\s(?<path>\\/[^\\s\\?]+)"" offset_field=_extracted_fields_bounds3 | rex field=_raw ""(?<path>\\?[^\\s]+)\\sHTTP"" offset_field=_extracted_fields_bounds4 | rex field=_raw ""^(?:[^\\-\\n]*\\-){3}\""\\s+\""(?P<useragent>[^\""]+)"" offset_field=_extracted_fields_bounds5 | head 1000","splunk-web-gui","1589249442.820046",0,"UI:FieldExtractor",,,45,1589249442,45,0,,,completed,"0.024",,,,,,,,,,,,,,,,
"1589249443.30","| loadjob 1589249195.10 events=t ignore_running=f require_finished=f | search index=* OR index=_* sourcetype=nginx-access-logs | rex field=_raw ""^(?<client_ip>\\d{1,3}\\.\\d{1,3}\\.\\d{1,3}\\.\\d{1,3})"" offset_field=_extracted_fields_bounds0 | rex field=_raw ""^(?:[^ \\n]* ){8}(?P<code>\\d+)"" offset_field=_extracted_fields_bounds1 | rex field=_raw ""\\\""(?<method>[A-Z]{3,4})\\s\\/"" offset_field=_extracted_fields_bounds2 | rex field=_raw ""\\s(?<path>\\/[^\\s\\?]+)"" offset_field=_extracted_fields_bounds3 | rex field=_raw ""(?<path>\\?[^\\s]+)\\sHTTP"" offset_field=_extracted_fields_bounds4 | rex field=_raw ""^(?:[^\\-\\n]*\\-){3}\""\\s+\""(?P<useragent>[^\""]+)"" offset_field=_extracted_fields_bounds5 | head 1000","splunk-web-gui","1589249443.438340",0,"UI:FieldExtractor",,,45,1589249443,45,0,,,completed,"0.022",,,,,,,,,,,,,,,,
"1589249571.33","| loadjob 1589249195.10 events=t ignore_running=f require_finished=f | search index=* OR index=_* sourcetype=nginx-access-logs | rex field=_raw ""^(?<client_ip>\\d{1,3}\\.\\d{1,3}\\.\\d{1,3}\\.\\d{1,3})"" offset_field=_extracted_fields_bounds0 | rex field=_raw ""^(?:[^ \\n]* ){8}(?P<code>\\d+)"" offset_field=_extracted_fields_bounds1 | rex field=_raw ""\\\""(?<method>[A-Z]{3,4})\\s\\/"" offset_field=_extracted_fields_bounds2 | rex field=_raw ""\\s(?<path>\\/[^\\s\\?]+)"" offset_field=_extracted_fields_bounds3 | rex field=_raw ""(?<path>\\?[^\\s]+)\\sHTTP"" offset_field=_extracted_fields_bounds4 | rex field=_raw ""^(?:[^\\-\\n]*\\-){3}\""\\s+\""(?P<useragent>[^\""]+)"" offset_field=_extracted_fields_bounds5 | head 1000","splunk-web-gui","1589249571.084031",0,"UI:FieldExtractor",,,45,1589249571,45,0,,,completed,"0.093",,,,,,,,,,,,,,,,
"1589249574.35","| loadjob 1589249195.10 events=t ignore_running=f require_finished=f | search index=* OR index=_* sourcetype=nginx-access-logs | rex field=_raw ""^(?<client_ip>\\d{1,3}\\.\\d{1,3}\\.\\d{1,3}\\.\\d{1,3})"" offset_field=_extracted_fields_bounds0 | rex field=_raw ""^(?:[^ \\n]* ){8}(?P<code>\\d+)"" offset_field=_extracted_fields_bounds1 | rex field=_raw ""\\\""(?<method>[A-Z]{3,4})\\s\\/"" offset_field=_extracted_fields_bounds2 | rex field=_raw ""\\s(?<path>\\/[^\\s\\?]+)"" offset_field=_extracted_fields_bounds3 | rex field=_raw ""(?<path>\\?[^\\s]+)\\sHTTP"" offset_field=_extracted_fields_bounds4 | rex field=_raw ""^(?:[^\\-\\n]*\\-){3}\""\\s+\""(?P<useragent>[^\""]+)"" offset_field=_extracted_fields_bounds5 | head 1000","splunk-web-gui","1589249574.891675",0,"UI:FieldExtractor",,,45,1589249574,45,0,,,completed,"0.023",,,,,,,,,,,,,,,,
"1589249701.38","| loadjob 1589249195.10 events=t ignore_running=f require_finished=f | search index=* OR index=_* sourcetype=nginx-access-logs | rex field=_raw ""(?ms)(?<protocol>[a-zA-Z]{3,5}\\:\\/\\/(?<dest>[^\\:]+)\\:(?<cs_uri_port>\\d{1,5})"" offset_field=_extracted_fields_bounds | rex field=_raw ""^(?<client_ip>\\d{1,3}\\.\\d{1,3}\\.\\d{1,3}\\.\\d{1,3})"" offset_field=_extracted_fields_bounds0 | rex field=_raw ""^(?:[^ \\n]* ){8}(?P<code>\\d+)"" offset_field=_extracted_fields_bounds1 | rex field=_raw ""\\\""(?<method>[A-Z]{3,4})\\s\\/"" offset_field=_extracted_fields_bounds2 | rex field=_raw ""\\s(?<path>\\/[^\\s\\?]+)"" offset_field=_extracted_fields_bounds3 | rex field=_raw ""(?<path>\\?[^\\s]+)\\sHTTP"" offset_field=_extracted_fields_bounds4 | rex field=_raw ""^(?:[^\\-\\n]*\\-){3}\""\\s+\""(?P<useragent>[^\""]+)"" offset_field=_extracted_fields_bounds5 | head 1000","splunk-web-gui","1589249701.366581",0,"UI:FieldExtractor",,,0,1589249701,0,0,,,failed,"0.003",,,,,,,,,,,,,,,,
"1589249715.39","| loadjob 1589249195.10 events=t ignore_running=f require_finished=f | search index=* OR index=_* sourcetype=nginx-access-logs | rex field=_raw ""(?ms)(?<protocol>[a-zA-Z]{3,5}\\:\\/\\/(?<dest>[^\\:]+)\\:(?<port>\\d{1,5})"" offset_field=_extracted_fields_bounds | rex field=_raw ""^(?<client_ip>\\d{1,3}\\.\\d{1,3}\\.\\d{1,3}\\.\\d{1,3})"" offset_field=_extracted_fields_bounds0 | rex field=_raw ""^(?:[^ \\n]* ){8}(?P<code>\\d+)"" offset_field=_extracted_fields_bounds1 | rex field=_raw ""\\\""(?<method>[A-Z]{3,4})\\s\\/"" offset_field=_extracted_fields_bounds2 | rex field=_raw ""\\s(?<path>\\/[^\\s\\?]+)"" offset_field=_extracted_fields_bounds3 | rex field=_raw ""(?<path>\\?[^\\s]+)\\sHTTP"" offset_field=_extracted_fields_bounds4 | rex field=_raw ""^(?:[^\\-\\n]*\\-){3}\""\\s+\""(?P<useragent>[^\""]+)"" offset_field=_extracted_fields_bounds5 | head 1000","splunk-web-gui","1589249715.591917",0,"UI:FieldExtractor",,,0,1589249715,0,0,,,failed,"0.004",,,,,,,,,,,,,,,,
"1589249730.40","| loadjob 1589249195.10 events=t ignore_running=f require_finished=f | search index=* OR index=_* sourcetype=nginx-access-logs | rex field=_raw ""(?ms)(?<protocol>[a-zA-Z]{3,5}\\:\\\\/\\\\/(?<dest>[^\\:]+)\\:(?<port>\\d{1,5})"" offset_field=_extracted_fields_bounds | rex field=_raw ""^(?<client_ip>\\d{1,3}\\.\\d{1,3}\\.\\d{1,3}\\.\\d{1,3})"" offset_field=_extracted_fields_bounds0 | rex field=_raw ""^(?:[^ \\n]* ){8}(?P<code>\\d+)"" offset_field=_extracted_fields_bounds1 | rex field=_raw ""\\\""(?<method>[A-Z]{3,4})\\s\\/"" offset_field=_extracted_fields_bounds2 | rex field=_raw ""\\s(?<path>\\/[^\\s\\?]+)"" offset_field=_extracted_fields_bounds3 | rex field=_raw ""(?<path>\\?[^\\s]+)\\sHTTP"" offset_field=_extracted_fields_bounds4 | rex field=_raw ""^(?:[^\\-\\n]*\\-){3}\""\\s+\""(?P<useragent>[^\""]+)"" offset_field=_extracted_fields_bounds5 | head 1000","splunk-web-gui","1589249730.178217",0,"UI:FieldExtractor",,,0,1589249730,0,0,,,failed,"0.003",,,,,,,,,,,,,,,,
"1589249734.41","| loadjob 1589249195.10 events=t ignore_running=f require_finished=f | search index=* OR index=_* sourcetype=nginx-access-logs | rex field=_raw ""(?ms)(?<protocol>[a-zA-Z]{3,5}\\:\\\\\\/\\\\\\/(?<dest>[^\\:]+)\\:(?<port>\\d{1,5})"" offset_field=_extracted_fields_bounds | rex field=_raw ""^(?<client_ip>\\d{1,3}\\.\\d{1,3}\\.\\d{1,3}\\.\\d{1,3})"" offset_field=_extracted_fields_bounds0 | rex field=_raw ""^(?:[^ \\n]* ){8}(?P<code>\\d+)"" offset_field=_extracted_fields_bounds1 | rex field=_raw ""\\\""(?<method>[A-Z]{3,4})\\s\\/"" offset_field=_extracted_fields_bounds2 | rex field=_raw ""\\s(?<path>\\/[^\\s\\?]+)"" offset_field=_extracted_fields_bounds3 | rex field=_raw ""(?<path>\\?[^\\s]+)\\sHTTP"" offset_field=_extracted_fields_bounds4 | rex field=_raw ""^(?:[^\\-\\n]*\\-){3}\""\\s+\""(?P<useragent>[^\""]+)"" offset_field=_extracted_fields_bounds5 | head 1000","splunk-web-gui","1589249734.292493",0,"UI:FieldExtractor",,,0,1589249734,0,0,,,failed,"0.004",,,,,,,,,,,,,,,,
"1589249743.42","| loadjob 1589249195.10 events=t ignore_running=f require_finished=f | search index=* OR index=_* sourcetype=nginx-access-logs | rex field=_raw ""(?ms)(?<protocol>[a-zA-Z]{3,5}://(?<dest>[^\\:]+)\\:(?<port>\\d{1,5})"" offset_field=_extracted_fields_bounds | rex field=_raw ""^(?<client_ip>\\d{1,3}\\.\\d{1,3}\\.\\d{1,3}\\.\\d{1,3})"" offset_field=_extracted_fields_bounds0 | rex field=_raw ""^(?:[^ \\n]* ){8}(?P<code>\\d+)"" offset_field=_extracted_fields_bounds1 | rex field=_raw ""\\\""(?<method>[A-Z]{3,4})\\s\\/"" offset_field=_extracted_fields_bounds2 | rex field=_raw ""\\s(?<path>\\/[^\\s\\?]+)"" offset_field=_extracted_fields_bounds3 | rex field=_raw ""(?<path>\\?[^\\s]+)\\sHTTP"" offset_field=_extracted_fields_bounds4 | rex field=_raw ""^(?:[^\\-\\n]*\\-){3}\""\\s+\""(?P<useragent>[^\""]+)"" offset_field=_extracted_fields_bounds5 | head 1000","splunk-web-gui","1589249743.100994",0,"UI:FieldExtractor",,,0,1589249743,0,0,,,failed,"0.003",,,,,,,,,,,,,,,,
"1589249785.43","| loadjob 1589249195.10 events=t ignore_running=f require_finished=f | search index=* OR index=_* sourcetype=nginx-access-logs | rex field=_raw ""(?ms)(?<protocol>[a-zA-Z]{3,5}://(?<dest>[^\\:]+):(?<port>\\d{1,5})"" offset_field=_extracted_fields_bounds | rex field=_raw ""^(?<client_ip>\\d{1,3}\\.\\d{1,3}\\.\\d{1,3}\\.\\d{1,3})"" offset_field=_extracted_fields_bounds0 | rex field=_raw ""^(?:[^ \\n]* ){8}(?P<code>\\d+)"" offset_field=_extracted_fields_bounds1 | rex field=_raw ""\\\""(?<method>[A-Z]{3,4})\\s\\/"" offset_field=_extracted_fields_bounds2 | rex field=_raw ""\\s(?<path>\\/[^\\s\\?]+)"" offset_field=_extracted_fields_bounds3 | rex field=_raw ""(?<path>\\?[^\\s]+)\\sHTTP"" offset_field=_extracted_fields_bounds4 | rex field=_raw ""^(?:[^\\-\\n]*\\-){3}\""\\s+\""(?P<useragent>[^\""]+)"" offset_field=_extracted_fields_bounds5 | head 1000","splunk-web-gui","1589249785.516219",0,"UI:FieldExtractor",,,0,1589249785,0,0,,,failed,"0.003",,,,,,,,,,,,,,,,
"1589249792.44","| loadjob 1589249195.10 events=t ignore_running=f require_finished=f | search index=* OR index=_* sourcetype=nginx-access-logs | rex field=_raw ""(?ms)(?<protocol>[a-zA-Z]{3,5}://(?<dest>[^\\:]+):(?<port>[\\d]{1,5})"" offset_field=_extracted_fields_bounds | rex field=_raw ""^(?<client_ip>\\d{1,3}\\.\\d{1,3}\\.\\d{1,3}\\.\\d{1,3})"" offset_field=_extracted_fields_bounds0 | rex field=_raw ""^(?:[^ \\n]* ){8}(?P<code>\\d+)"" offset_field=_extracted_fields_bounds1 | rex field=_raw ""\\\""(?<method>[A-Z]{3,4})\\s\\/"" offset_field=_extracted_fields_bounds2 | rex field=_raw ""\\s(?<path>\\/[^\\s\\?]+)"" offset_field=_extracted_fields_bounds3 | rex field=_raw ""(?<path>\\?[^\\s]+)\\sHTTP"" offset_field=_extracted_fields_bounds4 | rex field=_raw ""^(?:[^\\-\\n]*\\-){3}\""\\s+\""(?P<useragent>[^\""]+)"" offset_field=_extracted_fields_bounds5 | head 1000","splunk-web-gui","1589249792.028177",0,"UI:FieldExtractor",,,0,1589249792,0,0,,,failed,"0.003",,,,,,,,,,,,,,,,
"1589249809.45","| loadjob 1589249195.10 events=t ignore_running=f require_finished=f | search index=* OR index=_* sourcetype=nginx-access-logs | rex field=_raw ""(?ms)(?<protocol>[a-zA-Z]{3,5})://(?<dest>[^\\:]+):(?<port>[\\d]{1,5})"" offset_field=_extracted_fields_bounds | rex field=_raw ""^(?<client_ip>\\d{1,3}\\.\\d{1,3}\\.\\d{1,3}\\.\\d{1,3})"" offset_field=_extracted_fields_bounds0 | rex field=_raw ""^(?:[^ \\n]* ){8}(?P<code>\\d+)"" offset_field=_extracted_fields_bounds1 | rex field=_raw ""\\\""(?<method>[A-Z]{3,4})\\s\\/"" offset_field=_extracted_fields_bounds2 | rex field=_raw ""\\s(?<path>\\/[^\\s\\?]+)"" offset_field=_extracted_fields_bounds3 | rex field=_raw ""(?<path>\\?[^\\s]+)\\sHTTP"" offset_field=_extracted_fields_bounds4 | rex field=_raw ""^(?:[^\\-\\n]*\\-){3}\""\\s+\""(?P<useragent>[^\""]+)"" offset_field=_extracted_fields_bounds5 | head 1000","splunk-web-gui","1589249809.269580",0,"UI:FieldExtractor",,,45,1589249809,45,0,,,completed,"0.044",,,,,,,,,,,,,,,,
"1589249882.48","| loadjob 1589249195.10 events=t ignore_running=f require_finished=f | search index=* OR index=_* sourcetype=nginx-access-logs | rex field=_raw ""^(?<client_ip>\\d{1,3}\\.\\d{1,3}\\.\\d{1,3}\\.\\d{1,3})"" offset_field=_extracted_fields_bounds0 | rex field=_raw ""^(?:[^ \\n]* ){8}(?P<code>\\d+)"" offset_field=_extracted_fields_bounds1 | rex field=_raw ""\\\""(?<method>[A-Z]{3,4})\\s\\/"" offset_field=_extracted_fields_bounds2 | rex field=_raw ""\\s(?<path>\\/[^\\s\\?]+)"" offset_field=_extracted_fields_bounds3 | rex field=_raw ""(?<path>\\?[^\\s]+)\\sHTTP"" offset_field=_extracted_fields_bounds4 | rex field=_raw ""^(?:[^\\-\\n]*\\-){3}\""\\s+\""(?P<useragent>[^\""]+)"" offset_field=_extracted_fields_bounds5 | head 1000","splunk-web-gui","1589249882.101652",0,"UI:FieldExtractor",,,45,1589249882,45,0,,,completed,"0.094",,,,,,,,,,,,,,,,
"1589249883.50","| loadjob 1589249195.10 events=t ignore_running=f require_finished=f | search index=* OR index=_* sourcetype=nginx-access-logs | rex field=_raw ""^(?<client_ip>\\d{1,3}\\.\\d{1,3}\\.\\d{1,3}\\.\\d{1,3})"" offset_field=_extracted_fields_bounds0 | rex field=_raw ""^(?:[^ \\n]* ){8}(?P<code>\\d+)"" offset_field=_extracted_fields_bounds1 | rex field=_raw ""\\\""(?<method>[A-Z]{3,4})\\s\\/"" offset_field=_extracted_fields_bounds2 | rex field=_raw ""\\s(?<path>\\/[^\\s\\?]+)"" offset_field=_extracted_fields_bounds3 | rex field=_raw ""(?<path>\\?[^\\s]+)\\sHTTP"" offset_field=_extracted_fields_bounds4 | rex field=_raw ""^(?:[^\\-\\n]*\\-){3}\""\\s+\""(?P<useragent>[^\""]+)"" offset_field=_extracted_fields_bounds5 | head 1000","splunk-web-gui","1589249883.537308",0,"UI:FieldExtractor",,,45,1589249883,45,0,,,completed,"0.025",,,,,,,,,,,,,,,,
"1589249904.53","| loadjob 1589249195.10 events=t ignore_running=f require_finished=f | search index=* OR index=_* sourcetype=nginx-access-logs | rex field=_raw ""(?ms)^(?:[^\""\\n]*\""){3}(?P<referer>\\w+://\\w+:\\d+/\\w+\\.\\w+)"" offset_field=_extracted_fields_bounds | rex field=_raw ""^(?<client_ip>\\d{1,3}\\.\\d{1,3}\\.\\d{1,3}\\.\\d{1,3})"" offset_field=_extracted_fields_bounds0 | rex field=_raw ""^(?:[^ \\n]* ){8}(?P<code>\\d+)"" offset_field=_extracted_fields_bounds1 | rex field=_raw ""\\\""(?<method>[A-Z]{3,4})\\s\\/"" offset_field=_extracted_fields_bounds2 | rex field=_raw ""\\s(?<path>\\/[^\\s\\?]+)"" offset_field=_extracted_fields_bounds3 | rex field=_raw ""(?<path>\\?[^\\s]+)\\sHTTP"" offset_field=_extracted_fields_bounds4 | rex field=_raw ""^(?:[^\\-\\n]*\\-){3}\""\\s+\""(?P<useragent>[^\""]+)"" offset_field=_extracted_fields_bounds5 | head 1000","splunk-web-gui","1589249904.375736",0,"UI:FieldExtractor",,,45,1589249904,45,0,,,completed,"0.029",,,,,,,,,,,,,,,,
"1589249926.56","| loadjob 1589249195.10 events=t ignore_running=f require_finished=f | search index=* OR index=_* sourcetype=nginx-access-logs | rex field=_raw ""(?ms)^(?:[^\""\\n]*\""){3}(?P<referer>[^\""]+)"" offset_field=_extracted_fields_bounds | rex field=_raw ""^(?<client_ip>\\d{1,3}\\.\\d{1,3}\\.\\d{1,3}\\.\\d{1,3})"" offset_field=_extracted_fields_bounds0 | rex field=_raw ""^(?:[^ \\n]* ){8}(?P<code>\\d+)"" offset_field=_extracted_fields_bounds1 | rex field=_raw ""\\\""(?<method>[A-Z]{3,4})\\s\\/"" offset_field=_extracted_fields_bounds2 | rex field=_raw ""\\s(?<path>\\/[^\\s\\?]+)"" offset_field=_extracted_fields_bounds3 | rex field=_raw ""(?<path>\\?[^\\s]+)\\sHTTP"" offset_field=_extracted_fields_bounds4 | rex field=_raw ""^(?:[^\\-\\n]*\\-){3}\""\\s+\""(?P<useragent>[^\""]+)"" offset_field=_extracted_fields_bounds5 | head 1000","splunk-web-gui","1589249926.783689",0,"UI:FieldExtractor",,,45,1589249926,45,0,,,completed,"0.023",,,,,,,,,,,,,,,,
"1589250022.58","search index=_* OR index=* sourcetype=nginx-access-logs","splunk-web-gui","1589250022.945267",0,"UI:Search","1589162400.000000000","1589250022.000000000",45,1589250022,45,45,"1589162400.000000000","1589250022.000000000",completed,"0.214",,,,,,,,,,,,,,,,
"1589250035.59","search index=_* OR index=* sourcetype=nginx-access-logs source=""/var/log/access.log""","splunk-web-gui","1589250035.185608",0,"UI:Search","1589162400.000000000","1589250035.000000000",41,1589250035,41,41,"1589162400.000000000","1589250035.000000000",completed,"0.151",,,,,,,,,,,,,,,,
"rt_md_1589250815.60","| metadata type=sourcetypes | search totalCount > 0","splunk-web-gui","1589250815.621112",1,"UI:Search",,,0,1589250815,0,0,,,failed,"308.081",,,,,,,,,,,,,,,,
"rt_md_1589250952.106","| metadata type=sourcetypes | search totalCount > 0","splunk-web-gui","1589250952.700461",1,"UI:Search",,,0,1589250952,0,0,,,failed,"59.039",,,,,,,,,,,,,,,,
"rt_md_1589250984.130","| metadata type=sourcetypes | search totalCount > 0","splunk-web-gui","1589250984.304535",1,"UI:Search",,,0,1589250984,0,0,,,failed,"3635.603",,,,,,,,,,,,,,,,
"1589250987.133","| history | search NOT search=""| history*"" AND NOT search=""*metadata*"" AND NOT search=""*loadjob*"" AND NOT savedsearch_name=""*"" AND NOT search=""search"" AND NOT search=""*from sid*"" AND NOT search=""| eventcount summarize=false index=* index=_**"" AND NOT provenance=""UI:LocateData"" AND NOT provenance=""UI:TableEditor"" AND NOT provenance=""UI:DataModel"" AND NOT provenance=""UI:Pivot"" AND NOT provenance=""UI:Dataset"" | dedup search | head 100000","splunk-web-gui","1589250987.963116",0,"UI:Search",,,0,1589250988,9,0,,,completed,"0.042",,,,,,,,,,,,,,,,
"rt_md_1589251101.209","| metadata type=sourcetypes | search totalCount > 0","splunk-web-gui","1589251101.677017",1,"UI:Search",,,0,1589251101,0,0,,,failed,"56.029",,,,,,,,,,,,,,,,
"rt_md_1589251149.235","| metadata type=sourcetypes | search totalCount > 0","splunk-web-gui","1589251149.907628",1,"UI:Search",,,0,1589251149,0,0,,,failed,"3641.621",,,,,,,,,,,,,,,,
"rt_md_1589903392.2","| metadata type=sourcetypes | search totalCount > 0","splunk-web-gui","1589903392.238574",1,"UI:Search",,,0,1589903392,0,0,,,canceled,"8.028",,,,,,,,,,,,,,,,
"1589903400.17","search index=* earliest=0","splunk-web-gui","1589903400.221614",0,"UI:Search","1589814000.000000000","1589903400.000000000",59,1589903400,59,59,"1589814000.000000000","1589903400.000000000",completed,"0.114",,,,,,,,,,,,,,,,
"rt_md_1591028000.3","| metadata type=sourcetypes | search totalCount > 0","splunk-web-gui","1591028000.063226",1,"UI:Search",,,0,1591028000,0,0,,,canceled,"7.0360000000000005",,,,,,,,,,,,,,,,
"1591028006.10","search index=* earliest=0","splunk-web-gui","1591028006.404726",0,"UI:Search","1590940800.000000000","1591028006.000000000",174,1591028006,174,174,"1590940800.000000000","1591028006.000000000",completed,"0.131",,,,,,,,,,,,,,,,
"1591028034.11","search index=* earliest=0 |  stats count by client_ip","splunk-web-gui","1591028034.154070",0,"UI:Search","1590940800.000000000","1591028034.000000000",174,1591028034,117,174,"1590940800.000000000","1591028034.000000000",completed,"0.067",,,,,,,,,,,,,,,,
"1591028058.14","search index=* earliest=0 ""xyxyz"" |  stats count by client_ip","splunk-web-gui","1591028058.274767",0,"UI:Search","1590940800.000000000","1591028058.000000000",2,1591028058,1,2,"1590940800.000000000","1591028058.000000000",completed,"0.105",,,,,,,,,,,,,,,,
"1591028143.15","search index=* earliest=0 ""xyxyz"" |  stats count by client_ip","splunk-web-gui","1591028143.593281",0,"UI:Search","1591024500.000000000","1591028143.000000000",2,1591028143,1,2,"1591024500.000000000","1591028143.000000000",completed,"0.114",,,,,,,,,,,,,,,,
"1591028147.17","search index=* earliest=0 |  stats count by client_ip","splunk-web-gui","1591028147.972292",0,"UI:Search","1591024500.000000000","1591028147.000000000",337,1591028147,274,337,"1591024500.000000000","1591028147.000000000",completed,"0.082",,,,,,,,,,,,,,,,
"1591028171.19","search index=* earliest=0  client_ip=""172.26.0.1""","splunk-web-gui","1591028171.331745",0,"UI:Search","1591024560.000000000","1591028171.000000000",17,1591028171,17,35,"1591024560.000000000","1591028171.000000000",completed,"0.08",,,,,,,,,,,,,,,,
"rt_md_1591035425.4","| metadata type=sourcetypes | search totalCount > 0","splunk-web-gui","1591035425.851109",1,"UI:Search",,,0,1591035425,0,0,,,canceled,"16.033",,,,,,,,,,,,,,,,
"1591035441.14","search index=* earliest=0","splunk-web-gui","1591035441.345647",0,"UI:Search","1591034541.000000000","1591035441.000000000",89,1591035441,89,89,"1591034541.000000000","1591035441.000000000",completed,"0.131",,,,,,,,,,,,,,,,
"1591035451.15","search index=* earliest=0 | stats count by client_ip","splunk-web-gui","1591035451.690899",0,"UI:Search","1591034551.000000000","1591035451.000000000",89,1591035451,77,89,"1591034551.000000000","1591035451.000000000",completed,"0.075",,,,,,,,,,,,,,,,
"1591035457.16","search index=* earliest=0 | stats count by client_ip path","splunk-web-gui","1591035457.999800",0,"UI:Search","1591034557.000000000","1591035457.000000000",89,1591035458,77,89,"1591034557.000000000","1591035457.000000000",completed,"0.126",,,,,,,,,,,,,,,,
"1591035656.18","search index=* earliest=0 | stats count by client_ip path","splunk-web-gui","1591035656.437242",0,"UI:Search","1591034756.000000000","1591035656.000000000",286,1591035656,274,286,"1591034756.000000000","1591035656.000000000",completed,"0.14100000000000001",,,,,,,,,,,,,,,,
"1591035674.20","search index=* earliest=0 | stats count by client_ip path","splunk-web-gui","1591035674.164724",0,"UI:Search","1591034774.000000000","1591035674.000000000",287,1591035674,275,287,"1591034774.000000000","1591035674.000000000",completed,"0.08",,,,,,,,,,,,,,,,
"1591035701.29","search index=* earliest=0 xxyy | stats count by client_ip path","splunk-web-gui","1591035701.240281",0,"UI:Search","1591034801.000000000","1591035701.000000000",0,1591035701,0,0,"1591034801.000000000","1591035701.000000000",completed,"0.08700000000000001",,,,,,,,,,,,,,,,
"1591035707.30","search index=* earliest=0 xxxyy | stats count by client_ip path","splunk-web-gui","1591035707.660285",0,"UI:Search","1591034807.000000000","1591035707.000000000",0,1591035707,0,0,"1591034807.000000000","1591035707.000000000",completed,"0.063",,,,,,,,,,,,,,,,
"1591035716.31","search index=* earliest=0 xxxyyyzz | stats count by client_ip path","splunk-web-gui","1591035716.550779",0,"UI:Search","1591034816.000000000","1591035716.000000000",1,1591035716,1,1,"1591034816.000000000","1591035716.000000000",completed,"0.065",,,,,,,,,,,,,,,,
"1591035721.32","search index=* earliest=0 xxxyyyzz | stats count by client_ip path query","splunk-web-gui","1591035721.406452",0,"UI:Search","1591034821.000000000","1591035721.000000000",1,1591035721,0,1,"1591034821.000000000","1591035721.000000000",completed,"0.07200000000000001",,,,,,,,,,,,,,,,
"1591035729.33","search index=* earliest=0","splunk-web-gui","1591035729.165355",0,"UI:Search","1591034829.000000000","1591035729.000000000",328,1591035729,328,328,"1591034829.000000000","1591035729.000000000",completed,"0.153",,,,,,,,,,,,,,,,
"1591035762.34","| loadjob 1591035729.33 events=t ignore_running=f require_finished=f | search index=* OR index=_* sourcetype=nginx-access-logs | rex field=_raw ""^(?<client_ip>\\d{1,3}\\.\\d{1,3}\\.\\d{1,3}\\.\\d{1,3})"" offset_field=_extracted_fields_bounds0 | rex field=_raw ""^(?:[^ \\n]* ){8}(?P<code>\\d+)"" offset_field=_extracted_fields_bounds1 | rex field=_raw ""\\\""(?<method>[A-Z]{3,4})\\s\\/"" offset_field=_extracted_fields_bounds2 | rex field=_raw ""\\s(?<path>\\/[^\\s\\?]+)"" offset_field=_extracted_fields_bounds3 | rex field=_raw ""(?<path>\\?[^\\s]+)\\sHTTP"" offset_field=_extracted_fields_bounds4 | rex field=_raw ""^(?:[^\""\\n]*\""){3}(?P<referer>[^\""]+)"" offset_field=_extracted_fields_bounds5 | rex field=_raw ""^(?:[^\\-\\n]*\\-){3}\""\\s+\""(?P<useragent>[^\""]+)"" offset_field=_extracted_fields_bounds6 | head 1000","splunk-web-gui","1591035762.670606",0,"UI:FieldExtractor",,,328,1591035762,328,0,,,completed,"0.061",,,,,,,,,,,,,,,,
"1591035765.36","| loadjob 1591035729.33 events=t ignore_running=f require_finished=f | search index=* OR index=_* sourcetype=nginx-access-logs | rex field=_raw ""^(?<client_ip>\\d{1,3}\\.\\d{1,3}\\.\\d{1,3}\\.\\d{1,3})"" offset_field=_extracted_fields_bounds0 | rex field=_raw ""^(?:[^ \\n]* ){8}(?P<code>\\d+)"" offset_field=_extracted_fields_bounds1 | rex field=_raw ""\\\""(?<method>[A-Z]{3,4})\\s\\/"" offset_field=_extracted_fields_bounds2 | rex field=_raw ""\\s(?<path>\\/[^\\s\\?]+)"" offset_field=_extracted_fields_bounds3 | rex field=_raw ""(?<path>\\?[^\\s]+)\\sHTTP"" offset_field=_extracted_fields_bounds4 | rex field=_raw ""^(?:[^\""\\n]*\""){3}(?P<referer>[^\""]+)"" offset_field=_extracted_fields_bounds5 | rex field=_raw ""^(?:[^\\-\\n]*\\-){3}\""\\s+\""(?P<useragent>[^\""]+)"" offset_field=_extracted_fields_bounds6 | head 1000","splunk-web-gui","1591035765.549381",0,"UI:FieldExtractor",,,328,1591035765,328,0,,,completed,"0.04",,,,,,,,,,,,,,,,
"1591035808.38","search index=* OR index=_* sourcetype=nginx-access-logs | rex field=_raw ""(?ms)(?<path>\\?[^\\s]+)\\sHTTP"" offset_field=_extracted_fields_bounds | rex field=_raw ""^(?<client_ip>\\d{1,3}\\.\\d{1,3}\\.\\d{1,3}\\.\\d{1,3})"" offset_field=_extracted_fields_bounds0 | rex field=_raw ""^(?:[^ \\n]* ){8}(?P<code>\\d+)"" offset_field=_extracted_fields_bounds1 | rex field=_raw ""\\\""(?<method>[A-Z]{3,4})\\s\\/"" offset_field=_extracted_fields_bounds2 | rex field=_raw ""\\s(?<path>\\/[^\\s\\?]+)"" offset_field=_extracted_fields_bounds3 | rex field=_raw ""(?<path>\\?[^\\s]+)\\sHTTP"" offset_field=_extracted_fields_bounds4 | rex field=_raw ""^(?:[^\""\\n]*\""){3}(?P<referer>[^\""]+)"" offset_field=_extracted_fields_bounds5 | rex field=_raw ""^(?:[^\\-\\n]*\\-){3}\""\\s+\""(?P<useragent>[^\""]+)"" offset_field=_extracted_fields_bounds6 | head 1000","splunk-web-gui","1591035809.005689",0,"UI:FieldExtractor",,,405,1591035809,405,405,,,completed,"0.186",,,,,,,,,,,,,,,,
"rt_md_1591036029.40","| metadata type=sourcetypes | search totalCount > 0","splunk-web-gui","1591036029.889649",1,"UI:Search",,,0,1591036029,0,0,,,canceled,"16.045",,,,,,,,,,,,,,,,
"1591036045.50","search index=* latest=now","splunk-web-gui","1591036045.839072",0,"UI:Search","1590948000.000000000","1591036045.000000000",562,1591036045,562,562,,"1591036045.000000000",completed,"0.17200000000000001",,,,,,,,,,,,,,,,
"1591036064.62","search index=* latest=now earliest=-15m","splunk-web-gui","1591036064.350084",0,"UI:Search","1590948000.000000000","1591036064.000000000",591,1591036064,591,591,"1591035164.000000000","1591036064.000000000",completed,"0.135",,,,,,,,,,,,,,,,
"1591036214.63","search index=* latest=now earliest=-15m","splunk-web-gui","1591036214.814108",0,"UI:Search","1590948000.000000000","1591036214.000000000",676,1591036214,676,676,"1591035314.000000000","1591036214.000000000",completed,"0.20800000000000002",,,,,,,,,,,,,,,,
"rt_md_1591186926.3","| metadata type=sourcetypes | search totalCount > 0","splunk-web-gui","1591186926.861486",1,"UI:Search",,,0,1591186926,0,0,,,canceled,"10.026",,,,,,,,,,,,,,,,
"1591186936.8","search index=* latest=now","splunk-web-gui","1591186936.060587",0,"UI:Search","1591099200.000000000","1591186936.000000000",49,1591186936,49,49,,"1591186936.000000000",completed,"0.125",,,,,,,,,,,,,,,,
"1591186950.9","search index=* latest=now | stats count by client_ip","splunk-web-gui","1591186950.862125",0,"UI:Search","1591099200.000000000","1591186950.000000000",88,1591186950,79,88,,"1591186950.000000000",completed,"0.128",,,,,,,,,,,,,,,,
"1591186980.11","search index=* latest=now | stats count by client_ip path","splunk-web-gui","1591186980.100471",0,"UI:Search","1591099200.000000000","1591186980.000000000",88,1591186980,80,88,,"1591186980.000000000",completed,"0.125",,,,,,,,,,,,,,,,
"1591187331.3","search index=* latest=now earliest=-15m","splunk-web-gui","1591187331.507669",0,"UI:Search","1591099200.000000000","1591187331.000000000",193,1591187331,193,193,"1591186431.000000000","1591187331.000000000",completed,"0.139",,,,,,,,,,,,,,,,
"1591187383.4","search index=* latest=now earliest=-15m | stats count by client_i","splunk-web-gui","1591187383.391859",0,"UI:Search","1591099200.000000000","1591187383.000000000",193,1591187383,0,193,"1591186483.000000000","1591187383.000000000",completed,"0.11800000000000001",,,,,,,,,,,,,,,,
"1591187385.5","search index=* latest=now earliest=-15m | stats count by client_ip","splunk-web-gui","1591187385.011343",0,"UI:Search","1591099200.000000000","1591187385.000000000",193,1591187385,193,193,"1591186485.000000000","1591187385.000000000",completed,"0.116",,,,,,,,,,,,,,,,
"1591187962.3","search index=* latest=now earliest=-15m","splunk-web-gui","1591187962.205566",0,"UI:Search","1591099200.000000000","1591187962.000000000",35,1591187962,35,35,"1591187062.000000000","1591187962.000000000",completed,"0.114",,,,,,,,,,,,,,,,
"1591187994.5","search index=* latest=now earliest=-15m xxxxx","splunk-web-gui","1591187994.765313",0,"UI:Search","1591099200.000000000","1591187994.000000000",0,1591187994,0,0,"1591187094.000000000","1591187994.000000000",completed,"0.1",,,,,,,,,,,,,,,,
"1591187996.6","search index=* latest=now earliest=-15m xxxxxxx","splunk-web-gui","1591187996.981354",0,"UI:Search","1591099200.000000000","1591187996.000000000",0,1591187996,0,0,"1591187096.000000000","1591187996.000000000",completed,"0.077",,,,,,,,,,,,,,,,
"1591187997.7","search index=* latest=now earliest=-15m xxxxxxxx","splunk-web-gui","1591187997.938122",0,"UI:Search","1591099200.000000000","1591187997.000000000",0,1591187997,0,0,"1591187097.000000000","1591187997.000000000",completed,"0.066",,,,,,,,,,,,,,,,
"1591187998.8","search index=* latest=now earliest=-15m xxxxxxxxx","splunk-web-gui","1591187998.834490",0,"UI:Search","1591099200.000000000","1591187998.000000000",0,1591187998,0,0,"1591187098.000000000","1591187998.000000000",completed,"0.076",,,,,,,,,,,,,,,,
"1591188000.9","search index=* latest=now earliest=-15m xxxxxxxxxx","splunk-web-gui","1591188000.271917",0,"UI:Search","1591099200.000000000","1591188000.000000000",1,1591188000,1,1,"1591187100.000000000","1591188000.000000000",completed,"0.092",,,,,,,,,,,,,,,,
"1591188011.11","search index=* latest=now earliest=-15m","splunk-web-gui","1591188011.439475",0,"UI:Search","1591099200.000000000","1591188011.000000000",1,1591188011,1,1,"1591187111.000000000","1591188011.000000000",completed,"0.066",,,,,,,,,,,,,,,,
"1591190991.2","search index=* latest=now earliest=-15m","splunk-web-gui","1591190991.600715",0,"UI:Search","1591102800.000000000","1591190991.000000000",0,1591190991,0,0,"1591190091.000000000","1591190991.000000000",completed,"0.105",,,,,,,,,,,,,,,,
"1591191001.3","search index=* latest=now earliest=-15m","splunk-web-gui","1591191001.697977",0,"UI:Search","1591102800.000000000","1591191001.000000000",1,1591191001,1,1,"1591190101.000000000","1591191001.000000000",completed,"0.12",,,,,,,,,,,,,,,,
"1591191033.5","search index=* latest=now earliest=-15m","splunk-web-gui","1591191033.549645",0,"UI:Search","1591190133.000000000","1591191033.000000000",51,1591191033,51,51,"1591190133.000000000","1591191033.000000000",completed,"0.134",,,,,,,,,,,,,,,,
"1591191041.6","search index=* latest=now earliest=-15m | stats count by client_ip","splunk-web-gui","1591191041.055760",0,"UI:Search","1591190141.000000000","1591191041.000000000",51,1591191041,6,51,"1591190141.000000000","1591191041.000000000",completed,"0.074",,,,,,,,,,,,,,,,
"1591191049.8","search index=* latest=now earliest=-15m | stats values(path) count by client_ip","splunk-web-gui","1591191049.675970",0,"UI:Search","1591190149.000000000","1591191049.000000000",51,1591191049,6,51,"1591190149.000000000","1591191049.000000000",completed,"0.114",,,,,,,,,,,,,,,,
"1591191058.9","search index=* latest=now earliest=-15m | stats values(path) values(query) count by client_ip","splunk-web-gui","1591191058.613931",0,"UI:Search","1591190158.000000000","1591191058.000000000",51,1591191058,6,51,"1591190158.000000000","1591191058.000000000",completed,"0.076",,,,,,,,,,,,,,,,
"1591191074.11","search index=* latest=now earliest=-15m | stats values(path) count by client_ip | sort -count","splunk-web-gui","1591191074.026752",0,"UI:Search","1591190174.000000000","1591191074.000000000",51,1591191074,6,51,"1591190174.000000000","1591191074.000000000",completed,"0.07100000000000001",,,,,,,,,,,,,,,,
"1591191095.12","search index=* latest=now earliest=-15m | stats values(path) count by client_ip | sort -count","splunk-web-gui","1591191095.576228",0,"UI:Search","1591190195.000000000","1591191095.000000000",51,1591191095,6,51,"1591190195.000000000","1591191095.000000000",completed,"0.111",,,,,,,,,,,,,,,,
"1591191097.13","search index=* latest=now earliest=-15m | stats values(path) count by client_ip | sort -count","splunk-web-gui","1591191097.409738",0,"UI:Search","1591190197.000000000","1591191097.000000000",51,1591191097,6,51,"1591190197.000000000","1591191097.000000000",completed,"0.127",,,,,,,,,,,,,,,,
"1591192429.14","search index=* latest=now earliest=-15m | stats values(path) count by client_ip | sort -count","splunk-web-gui","1591192429.502006",0,"UI:Search","1591191529.000000000","1591192429.000000000",0,1591192429,0,0,"1591191529.000000000","1591192429.000000000",completed,"0.096",,,,,,,,,,,,,,,,
"1591192433.15","search index=* latest=now earliest=-15m | stats values(path) count by client_ip | sort -count","splunk-web-gui","1591192433.872471",0,"UI:Search","1591188780.000000000","1591192433.000000000",0,1591192433,0,0,"1591191533.000000000","1591192433.000000000",completed,"0.092",,,,,,,,,,,,,,,,
"1591192443.19","search index=* latest=now | stats values(path) count by client_ip | sort -count","splunk-web-gui","1591192443.265342",0,"UI:Search","1591188840.000000000","1591192443.000000000",253,1591192443,201,253,,"1591192443.000000000",completed,"0.123",,,,,,,,,,,,,,,,
"1591192459.20","search index=* latest=now | stats values(path) count by client_ip | sort -count","splunk-web-gui","1591192459.087941",0,"UI:Search","1591142400.000000000","1591228800.000000000",253,1591192459,201,253,,"1591192459.000000000",completed,"0.131",,,,,,,,,,,,,,,,
"1591196736.28","search index=* latest=now earliest=-15m","splunk-web-gui","1591196736.017561",0,"UI:Search","1591110000.000000000","1591196736.000000000",0,1591196736,0,0,"1591195836.000000000","1591196736.000000000",completed,"0.115",,,,,,,,,,,,,,,,
"1591196742.29","search index=* latest=now","splunk-web-gui","1591196742.107256",0,"UI:Search","1591110000.000000000","1591196742.000000000",253,1591196742,253,253,,"1591196742.000000000",completed,"0.11",,,,,,,,,,,,,,,,
"1591196745.30","search index=* latest=now","splunk-web-gui","1591196745.745177",0,"UI:Search","1591142400.000000000","1591228800.000000000",253,1591196745,253,253,,"1591196745.000000000",completed,"0.079",,,,,,,,,,,,,,,,
"1591281129.2","search index=* latest=now earliest=-15m","splunk-web-gui","1591281129.418640",0,"UI:Search","1591192800.000000000","1591281129.000000000",59,1591281129,59,59,"1591280229.000000000","1591281129.000000000",completed,"0.138",,,,,,,,,,,,,,,,
"1591281147.4","search index=* latest=now earliest=-15m","splunk-web-gui","1591281147.762023",0,"UI:Search","1591280247.000000000","1591281147.000000000",59,1591281147,59,59,"1591280247.000000000","1591281147.000000000",completed,"0.134",,,,,,,,,,,,,,,,
"1591281573.2","search index=* latest=now earliest=-15m","splunk-web-gui","1591281573.144669",0,"UI:Search","1591280673.000000000","1591281573.000000000",61,1591281573,61,61,"1591280673.000000000","1591281573.000000000",completed,"0.129",,,,,,,,,,,,,,,,
"1591281604.4","search index=* latest=now earliest=-15m","splunk-web-gui","1591281604.866933",0,"UI:Search","1591280704.000000000","1591281604.000000000",61,1591281604,61,61,"1591280704.000000000","1591281604.000000000",completed,"0.132",,,,,,,,,,,,,,,,
"1591281641.5","search index=* latest=now","splunk-web-gui","1591281641.557360",0,"UI:Search","1591280741.000000000","1591281641.000000000",61,1591281641,61,61,,"1591281641.000000000",completed,"0.127",,,,,,,,,,,,,,,,
"1591281667.6","search index=* latest=now | stats count by client_ip","splunk-web-gui","1591281667.281174",0,"UI:Search","1591280767.000000000","1591281667.000000000",61,1591281667,5,61,,"1591281667.000000000",completed,"0.069",,,,,,,,,,,,,,,,
"1591281672.7","search index=* latest=now | stats count by client_ip path","splunk-web-gui","1591281672.442201",0,"UI:Search","1591280772.000000000","1591281672.000000000",61,1591281672,16,61,,"1591281672.000000000",completed,"0.139",,,,,,,,,,,,,,,,
"1591281681.8","search index=* latest=now | stats count by client_ip path user_agent","splunk-web-gui","1591281681.447189",0,"UI:Search","1591280781.000000000","1591281681.000000000",61,1591281681,0,61,,"1591281681.000000000",completed,"0.075",,,,,,,,,,,,,,,,
"1591281684.9","search index=* latest=now | stats count by client_ip path useragent","splunk-web-gui","1591281684.993635",0,"UI:Search","1591280784.000000000","1591281684.000000000",61,1591281684,1,61,,"1591281684.000000000",completed,"0.08700000000000001",,,,,,,,,,,,,,,,
"1591281709.10","search index=* latest=now  source=""/var/log/access.log"" | stats  count by client_ip path useragent","splunk-web-gui","1591281709.804194",0,"UI:Search","1591280809.000000000","1591281709.000000000",59,1591281709,1,59,,"1591281709.000000000",completed,"0.136",,,,,,,,,,,,,,,,
"1591281725.11","| loadjob 1591281709.10 events=t ignore_running=f require_finished=f | search index=* OR index=_* sourcetype=nginx-access-logs | rex field=_raw ""^(?<client_ip>\\d{1,3}\\.\\d{1,3}\\.\\d{1,3}\\.\\d{1,3})"" offset_field=_extracted_fields_bounds0 | rex field=_raw ""^(?:[^ \\n]* ){8}(?P<code>\\d+)"" offset_field=_extracted_fields_bounds1 | rex field=_raw ""\\\""(?<method>[A-Z]{3,4})\\s\\/"" offset_field=_extracted_fields_bounds2 | rex field=_raw ""\\s(?<path>\\/[^\\s\\?]+)"" offset_field=_extracted_fields_bounds3 | rex field=_raw ""(?<query>\\?[^\\s]+)\\sHTTP"" offset_field=_extracted_fields_bounds4 | rex field=_raw ""^(?:[^\""\\n]*\""){3}(?P<referer>[^\""]+)"" offset_field=_extracted_fields_bounds5 | rex field=_raw ""^(?:[^\\-\\n]*\\-){3}\""\\s+\""(?P<useragent>[^\""]+)"" offset_field=_extracted_fields_bounds6 | head 1000","splunk-web-gui","1591281725.081884",0,"UI:FieldExtractor",,,59,1591281725,59,0,,,completed,"0.042",,,,,,,,,,,,,,,,
"1591282628.13","search index=* latest=now  source=""/var/log/access.log"" | stats  count by client_ip path useragent","splunk-web-gui","1591282628.970994",0,"UI:Search","1591281728.000000000","1591282628.000000000",59,1591282629,1,59,,"1591282628.000000000",completed,"0.145",,,,,,,,,,,,,,,,
"1591282810.2","search index=* latest=now  source=""/var/log/access.log"" | stats  count by client_ip path useragent","splunk-web-gui","1591282810.102925",0,"UI:Search","1591281910.000000000","1591282810.000000000",60,1591282810,2,60,,"1591282810.000000000",completed,"0.137",,,,,,,,,,,,,,,,
"1591284553.4","search index=* latest=now  source=""/var/log/access.log"" | stats  count by client_ip path useragent","splunk-web-gui","1591284553.493645",0,"UI:Search","1591283653.000000000","1591284553.000000000",59,1591284553,1,59,,"1591284553.000000000",completed,"0.124",,,,,,,,,,,,,,,,
"1591290801.2","search index=* latest=now earliest=-15m","splunk-web-gui","1591290801.992978",0,"UI:Search","1591203600.000000000","1591290801.000000000",0,1591290802,0,0,"1591289901.000000000","1591290801.000000000",completed,"0.128",,,,,,,,,,,,,,,,
"1591290808.6","search index=* latest=now","splunk-web-gui","1591290808.682878",0,"UI:Search","1591203600.000000000","1591290808.000000000",61,1591290808,61,61,,"1591290808.000000000",completed,"0.131",,,,,,,,,,,,,,,,
"1591290886.7","search index=* latest=now source=""/var/log/access.log""","splunk-web-gui","1591290886.483609",0,"UI:Search","1591203600.000000000","1591290886.000000000",59,1591290886,59,59,,"1591290886.000000000",completed,"0.136",,,,,,,,,,,,,,,,
"1591290903.9","search index=* latest=now source=""/var/log/access.log"" | table _time client_ip","splunk-web-gui","1591290903.256584",0,"UI:Search","1591203600.000000000","1591290903.000000000",59,1591290903,59,59,,"1591290903.000000000",completed,"0.097",,,,,,,,,,,,,,,,
"1591290971.10","search index=* latest=now source=""/var/log/access.log"" | table _time client_ip useragent","splunk-web-gui","1591290971.457208",0,"UI:Search","1591203600.000000000","1591290971.000000000",59,1591290971,59,59,,"1591290971.000000000",completed,"0.139",,,,,,,,,,,,,,,,
"1591290994.11","search index=* latest=now source=""/var/log/access.log"" | table _time client_ip path useragent","splunk-web-gui","1591290994.762857",0,"UI:Search","1591203600.000000000","1591290994.000000000",59,1591290994,59,59,,"1591290994.000000000",completed,"0.14",,,,,,,,,,,,,,,,
"1591291230.13","search index=* latest=now source=""/var/log/access.log"" | table _time","splunk-web-gui","1591291230.285100",0,"UI:Search","1591203600.000000000","1591291230.000000000",59,1591291230,59,59,,"1591291230.000000000",completed,"0.133",,,,,,,,,,,,,,,,
"1591291264.18","search index=* latest=now source=""/var/log/access.log""","splunk-web-gui","1591291264.275301",0,"UI:Search","1591203600.000000000","1591291264.000000000",59,1591291264,59,59,,"1591291264.000000000",completed,"0.14200000000000002",,,,,,,,,,,,,,,,
"1591294259.21","search index=* latest=now source=""/var/log/access.log""","splunk-web-gui","1591294259.635695",0,"UI:Search","1591207200.000000000","1591294259.000000000",59,1591294259,59,59,,"1591294259.000000000",completed,"0.154",,,,,,,,,,,,,,,,
"1591294264.22","search index=* latest=now source=""/var/log/access.log""","splunk-web-gui","1591294264.064175",0,"UI:Search","1591279200.000000000","1591282800.000000000",59,1591294264,59,59,,"1591294264.000000000",completed,"0.07",,,,,,,,,,,,,,,,
"1591294475.25","search index=* latest=now source=""/var/log/access.log""","splunk-web-gui","1591294475.504475",0,"UI:Search","1591279200.000000000","1591282800.000000000",61,1591294475,61,61,,"1591294475.000000000",completed,"0.127",,,,,,,,,,,,,,,,
"1591296528.3","search index=* latest=now earliest=-15m","splunk-web-gui","1591296528.323163",0,"UI:Search","1591207200.000000000","1591296528.000000000",0,1591296528,0,0,"1591295628.000000000","1591296528.000000000",completed,"0.11",,,,,,,,,,,,,,,,
"1591296533.4","search index=* latest=now earliest=-15m","splunk-web-gui","1591296534.006019",0,"UI:Search","1591207200.000000000","1591296533.000000000",0,1591296534,0,0,"1591295633.000000000","1591296533.000000000",completed,"0.122",,,,,,,,,,,,,,,,
"1591296554.7","search index=* latest=now","splunk-web-gui","1591296554.012666",0,"UI:Search","1591207200.000000000","1591296554.000000000",61,1591296554,61,61,,"1591296554.000000000",completed,"0.15",,,,,,,,,,,,,,,,
"1591296565.8","search index=* latest=now source=""/var/log/access.log""","splunk-web-gui","1591296565.760667",0,"UI:Search","1591207200.000000000","1591296565.000000000",59,1591296565,59,59,,"1591296565.000000000",completed,"0.099",,,,,,,,,,,,,,,,
"1591296575.10","search index=* latest=now source=""/var/log/access.log"" | table _time client_ip path useragent","splunk-web-gui","1591296575.628206",0,"UI:Search","1591207200.000000000","1591296575.000000000",59,1591296575,59,59,,"1591296575.000000000",completed,"0.127",,,,,,,,,,,,,,,,
"1591296647.11","search index=* latest=now source=""/var/log/access.log"" | table _time client_ip path useragent","splunk-web-gui","1591296647.055501",0,"UI:Search","1591207200.000000000","1591296647.000000000",62,1591296647,62,62,,"1591296647.000000000",completed,"0.15",,,,,,,,,,,,,,,,
"1591355514.96","search index=* latest=now source=""/var/log/access.log"" | table _time client_ip path useragent","splunk-web-gui","1591355514.590883",0,"UI:Search","1591268400.000000000","1591355514.000000000",23,1591355514,23,23,,"1591355514.000000000",completed,"0.115",,,,,,,,,,,,,,,,
"1591355533.97","search index=* latest=now source=""/var/log/access.log"" | table _time client_ip path useragent","splunk-web-gui","1591355533.173411",0,"UI:Search","1591354633.000000000","1591355533.000000000",23,1591355533,23,23,,"1591355533.000000000",completed,"0.114",,,,,,,,,,,,,,,,
"1591355548.101","search index=* source=""/var/log/access.log"" | table _time client_ip path useragent","splunk-web-gui","1591355548.782149",0,"UI:Search","1591354648.000000000","1591355548.000000000",0,1591355548,0,0,"1591354648.000000000","1591355548.000000000",completed,"0.082",,,,,,,,,,,,,,,,
"1591355866.3","search index=* source=""/var/log/access.log"" | table _time client_ip path useragent","splunk-web-gui","1591355866.704781",0,"UI:Search","1591354966.000000000","1591355866.000000000",40,1591355866,40,40,"1591354966.000000000","1591355866.000000000",completed,"0.125",,,,,,,,,,,,,,,,
"1591355932.4","| loadjob 1591355866.3 events=t ignore_running=f require_finished=f | search index=* OR index=_* sourcetype=nginx-access-logs | rex field=_raw ""^(?<client_ip>\\d{1,3}\\.\\d{1,3}\\.\\d{1,3}\\.\\d{1,3})"" offset_field=_extracted_fields_bounds0 | rex field=_raw ""^(?:[^ \\n]* ){8}(?P<code>\\d+)"" offset_field=_extracted_fields_bounds1 | rex field=_raw ""\\\""(?<method>[A-Z]{3,4})\\s\\/"" offset_field=_extracted_fields_bounds2 | rex field=_raw ""\\s(?<path>\\/[^\\s\\?]+)"" offset_field=_extracted_fields_bounds3 | rex field=_raw ""(?<query>\\?[^\\s]+)\\sHTTP"" offset_field=_extracted_fields_bounds4 | rex field=_raw ""^(?:[^\""\\n]*\""){3}(?P<referer>[^\""]+)"" offset_field=_extracted_fields_bounds5 | rex field=_raw ""^(?:[^\\-\\n]*\\-){3}\""\\s+\""(?P<useragent>[^\""]+)"" offset_field=_extracted_fields_bounds6 | head 1000","splunk-web-gui","1591355932.463674",0,"UI:FieldExtractor",,,40,1591355932,40,0,,,completed,"0.037",,,,,,,,,,,,,,,,
"1591355941.6","| loadjob 1591355866.3 events=t ignore_running=f require_finished=f | search index=* OR index=_* sourcetype=nginx-access-logs | rex field=_raw ""^(?<client_ip>\\d{1,3}\\.\\d{1,3}\\.\\d{1,3}\\.\\d{1,3})"" offset_field=_extracted_fields_bounds0 | rex field=_raw ""^(?:[^ \\n]* ){8}(?P<code>\\d+)"" offset_field=_extracted_fields_bounds1 | rex field=_raw ""\\\""(?<method>[A-Z]{3,4})\\s\\/"" offset_field=_extracted_fields_bounds2 | rex field=_raw ""\\s(?<path>\\/[^\\s\\?]+)"" offset_field=_extracted_fields_bounds3 | rex field=_raw ""(?<query>\\?[^\\s]+)\\sHTTP"" offset_field=_extracted_fields_bounds4 | rex field=_raw ""^(?:[^\""\\n]*\""){3}(?P<referer>[^\""]+)"" offset_field=_extracted_fields_bounds5 | rex field=_raw ""^(?:[^\\-\\n]*\\-){3}\""\\s+\""(?P<useragent>[^\""]+)"" offset_field=_extracted_fields_bounds6 | head 1000","splunk-web-gui","1591355941.905286",0,"UI:FieldExtractor",,,40,1591355941,40,0,,,completed,"0.033",,,,,,,,,,,,,,,,
"1591365632.2","search index=* latest=now earliest=-15m","splunk-web-gui","1591365632.303271",0,"UI:Search","1591279200.000000000","1591365632.000000000",0,1591365632,0,0,"1591364732.000000000","1591365632.000000000",completed,"0.101",,,,,,,,,,,,,,,,
"1591365639.9","search index=*","splunk-web-gui","1591365639.421768",0,"UI:Search","1591279200.000000000","1591365639.000000000",610,1591365639,610,610,"1591279200.000000000","1591365639.000000000",completed,"0.132",,,,,,,,,,,,,,,,
"1591365645.10","search index=main","splunk-web-gui","1591365645.488271",0,"UI:Search","1591279200.000000000","1591365645.000000000",610,1591365645,610,610,"1591279200.000000000","1591365645.000000000",completed,"0.09",,,,,,,,,,,,,,,,
"1591365651.12","search index=main sourcetype=""nginx-access-logs""","splunk-web-gui","1591365651.012059",0,"UI:Search","1591279200.000000000","1591365651.000000000",610,1591365651,610,610,"1591279200.000000000","1591365651.000000000",completed,"0.105",,,,,,,,,,,,,,,,
"1591365674.14","search index=main sourcetype=""nginx-access-logs""","splunk-web-gui","1591365674.097267",0,"UI:Search","1591364774.000000000","1591365674.000000000",32,1591365674,32,32,"1591364774.000000000","1591365674.000000000",completed,"0.117",,,,,,,,,,,,,,,,
"1591365693.15","search index=main sourcetype=""nginx-access-logs"" 
| stats count by client_ip code","splunk-web-gui","1591365693.564917",0,"UI:Search","1591364793.000000000","1591365693.000000000",32,1591365693,8,32,"1591364793.000000000","1591365693.000000000",completed,"0.065",,,,,,,,,,,,,,,,
"1591365706.16","search index=main sourcetype=""nginx-access-logs"" 
| stats count by client_ip code method path","splunk-web-gui","1591365706.789216",0,"UI:Search","1591364806.000000000","1591365706.000000000",98,1591365706,97,98,"1591364806.000000000","1591365706.000000000",completed,"0.13",,,,,,,,,,,,,,,,
"1591365721.17","search index=main sourcetype=""nginx-access-logs"" 
| stats count by client_ip code method path referer","splunk-web-gui","1591365721.657463",0,"UI:Search","1591364821.000000000","1591365721.000000000",98,1591365721,97,98,"1591364821.000000000","1591365721.000000000",completed,"0.115",,,,,,,,,,,,,,,,
"1591365739.18","search index=main sourcetype=""nginx-access-logs"" 
| stats count by client_ip code method path referer useragent","splunk-web-gui","1591365739.211809",0,"UI:Search","1591364839.000000000","1591365739.000000000",98,1591365739,0,98,"1591364839.000000000","1591365739.000000000",completed,"0.115",,,,,,,,,,,,,,,,
"1591365746.19","| loadjob 1591365739.18 events=t ignore_running=f require_finished=f | search index=* OR index=_* sourcetype=nginx-access-logs | rex field=_raw ""^(?<client_ip>\\d{1,3}\\.\\d{1,3}\\.\\d{1,3}\\.\\d{1,3})"" offset_field=_extracted_fields_bounds0 | rex field=_raw ""^(?:[^ \\n]* ){8}(?P<code>\\d+)"" offset_field=_extracted_fields_bounds1 | rex field=_raw ""\\\""(?<method>[A-Z]{3,4})\\s\\/"" offset_field=_extracted_fields_bounds2 | rex field=_raw ""\\s(?<path>\\/[^\\s\\?]+)"" offset_field=_extracted_fields_bounds3 | rex field=_raw ""(?<query>\\?[^\\s]+)\\sHTTP"" offset_field=_extracted_fields_bounds4 | rex field=_raw ""^(?:[^\""\\n]*\""){3}(?P<referer>[^\""]+)"" offset_field=_extracted_fields_bounds5 | rex field=_raw ""^(?:[^\\-\\n]*\\-){3}\""\\s+\""(?P<useragent>[^\""]+)"" offset_field=_extracted_fields_bounds6 | head 1000","splunk-web-gui","1591365746.206457",0,"UI:FieldExtractor",,,98,1591365746,98,0,,,completed,"0.046",,,,,,,,,,,,,,,,
"1591365750.21","| loadjob 1591365739.18 events=t ignore_running=f require_finished=f | search index=* OR index=_* sourcetype=nginx-access-logs | rex field=_raw ""^(?<client_ip>\\d{1,3}\\.\\d{1,3}\\.\\d{1,3}\\.\\d{1,3})"" offset_field=_extracted_fields_bounds0 | rex field=_raw ""^(?:[^ \\n]* ){8}(?P<code>\\d+)"" offset_field=_extracted_fields_bounds1 | rex field=_raw ""\\\""(?<method>[A-Z]{3,4})\\s\\/"" offset_field=_extracted_fields_bounds2 | rex field=_raw ""\\s(?<path>\\/[^\\s\\?]+)"" offset_field=_extracted_fields_bounds3 | rex field=_raw ""(?<query>\\?[^\\s]+)\\sHTTP"" offset_field=_extracted_fields_bounds4 | rex field=_raw ""^(?:[^\""\\n]*\""){3}(?P<referer>[^\""]+)"" offset_field=_extracted_fields_bounds5 | rex field=_raw ""^(?:[^\\-\\n]*\\-){3}\""\\s+\""(?P<useragent>[^\""]+)"" offset_field=_extracted_fields_bounds6 | head 1000","splunk-web-gui","1591365750.159472",0,"UI:FieldExtractor",,,98,1591365750,98,0,,,completed,"0.043000000000000003",,,,,,,,,,,,,,,,
"1591365761.23","search index=* OR index=_* sourcetype=nginx-access-logs | rex field=_raw ""(?ms)^(?:[^\\-\\n]*\\-){3}\""\\s+\""(?P<useragent>[^\""]+)"" offset_field=_extracted_fields_bounds | rex field=_raw ""^(?<client_ip>\\d{1,3}\\.\\d{1,3}\\.\\d{1,3}\\.\\d{1,3})"" offset_field=_extracted_fields_bounds0 | rex field=_raw ""^(?:[^ \\n]* ){8}(?P<code>\\d+)"" offset_field=_extracted_fields_bounds1 | rex field=_raw ""\\\""(?<method>[A-Z]{3,4})\\s\\/"" offset_field=_extracted_fields_bounds2 | rex field=_raw ""\\s(?<path>\\/[^\\s\\?]+)"" offset_field=_extracted_fields_bounds3 | rex field=_raw ""(?<query>\\?[^\\s]+)\\sHTTP"" offset_field=_extracted_fields_bounds4 | rex field=_raw ""^(?:[^\""\\n]*\""){3}(?P<referer>[^\""]+)"" offset_field=_extracted_fields_bounds5 | rex field=_raw ""^(?:[^\\-\\n]*\\-){3}\""\\s+\""(?P<useragent>[^\""]+)"" offset_field=_extracted_fields_bounds6 | head 1000","splunk-web-gui","1591365761.835815",0,"UI:FieldExtractor",,,723,1591365761,723,723,,,completed,"0.211",,,,,,,,,,,,,,,,
"1591366543.3","search index=* latest=now earliest=-15m","splunk-web-gui","1591366543.750018",0,"UI:Search","1591279200.000000000","1591366543.000000000",419,1591366543,419,419,"1591365643.000000000","1591366543.000000000",completed,"0.152",,,,,,,,,,,,,,,,
"1591366566.7","search index=main sourcetype=""nginx-access-logs"" source=""/var/log/access.log""","splunk-web-gui","1591366566.016077",0,"UI:Search","1591279200.000000000","1591366566.000000000",1092,1591366566,1092,1092,"1591279200.000000000","1591366566.000000000",completed,"0.161",,,,,,,,,,,,,,,,
"1591366571.8","search index=main sourcetype=""nginx-access-logs"" source=""/var/log/access.log""","splunk-web-gui","1591366571.577168",0,"UI:Search","1591365671.000000000","1591366571.000000000",470,1591366571,470,470,"1591365671.000000000","1591366571.000000000",completed,"0.149",,,,,,,,,,,,,,,,
"1591366594.9","search index=main sourcetype=""nginx-access-logs"" source=""/var/log/access.log""
| stats count by client_ip code method path referer useragent","splunk-web-gui","1591366594.109235",0,"UI:Search","1591365694.000000000","1591366594.000000000",418,1591366594,416,418,"1591365694.000000000","1591366594.000000000",completed,"0.099",,,,,,,,,,,,,,,,
"1591366627.11","search index=main sourcetype=""nginx-access-logs"" source=""/var/log/access.log""
| stats count by client_ip code method path referer useragent","splunk-web-gui","1591366627.974693",0,"UI:Search","1591365727.000000000","1591366627.000000000",483,1591366628,477,483,"1591365727.000000000","1591366627.000000000",completed,"0.147",,,,,,,,,,,,,,,,
"1591366639.12","search index=main sourcetype=""nginx-access-logs"" source=""/var/log/access.log""
| stats count by client_ip code method path referer useragent query
| sort -_time","splunk-web-gui","1591366639.539129",0,"UI:Search","1591365739.000000000","1591366639.000000000",468,1591366639,4,468,"1591365739.000000000","1591366639.000000000",completed,"0.097",,,,,,,,,,,,,,,,
"1591366663.13","search index=main sourcetype=""nginx-access-logs"" source=""/var/log/access.log""
| table _time client_ip code method path referer useragent query
| sort -_time","splunk-web-gui","1591366663.433277",0,"UI:Search","1591365763.000000000","1591366663.000000000",436,1591366663,436,436,"1591365763.000000000","1591366663.000000000",completed,"0.10300000000000001",,,,,,,,,,,,,,,,
"1591366683.14","search index=main sourcetype=""nginx-access-logs"" source=""/var/log/access.log""
| table _time client_ip code method path query
| sort -_time","splunk-web-gui","1591366683.107332",0,"UI:Search","1591365783.000000000","1591366683.000000000",446,1591366683,446,446,"1591365783.000000000","1591366683.000000000",completed,"0.097",,,,,,,,,,,,,,,,
"1591366717.15","search index=main sourcetype=""nginx-access-logs"" source=""/var/log/access.log""
| table _time client_ip code method path query
| sort -_time","splunk-web-gui","1591366717.834996",0,"UI:Search","1591365817.000000000","1591366717.000000000",429,1591366717,429,429,"1591365817.000000000","1591366717.000000000",completed,"0.151",,,,,,,,,,,,,,,,
"1591366748.16","search index=main sourcetype=""nginx-access-logs"" source=""/var/log/access.log""
| table _time client_ip code method path query
| sort -_time","splunk-web-gui","1591366748.875543",0,"UI:Search","1591365848.000000000","1591366748.000000000",462,1591366748,462,462,"1591365848.000000000","1591366748.000000000",completed,"0.10300000000000001",,,,,,,,,,,,,,,,
"1591367362.17","search index=main sourcetype=""nginx-access-logs"" source=""/var/log/access.log""
| table _time client_ip code method path query
| sort -_time","splunk-web-gui","1591367362.719822",0,"UI:Search","1591366462.000000000","1591367362.000000000",476,1591367362,476,476,"1591366462.000000000","1591367362.000000000",completed,"0.153",,,,,,,,,,,,,,,,
"1591367545.18","search index=main sourcetype=""nginx-access-logs"" source=""/var/log/access.log""
| table _time client_ip code method path query
| sort -_time","splunk-web-gui","1591367545.935598",0,"UI:Search","1591363920.000000000","1591367545.000000000",927,1591367545,927,927,"1591363920.000000000","1591367545.000000000",completed,"0.17500000000000002",,,,,,,,,,,,,,,,
"1591372340.26","search index=main sourcetype=""nginx-access-logs"" source=""/var/log/access.log""
| table _time client_ip code method path query
| sort -_time","splunk-web-gui","1591372340.642049",0,"UI:Search","1591368720.000000000","1591372340.000000000",0,1591372340,0,0,"1591368720.000000000","1591372340.000000000",completed,"0.108",,,,,,,,,,,,,,,,
"1591372344.27","search index=main sourcetype=""nginx-access-logs"" source=""/var/log/access.log""
| table _time client_ip code method path query
| sort -_time","splunk-web-gui","1591372344.411103",0,"UI:Search","1591282800.000000000","1591372344.000000000",1505,1591372344,1505,1505,"1591282800.000000000","1591372344.000000000",completed,"0.169",,,,,,,,,,,,,,,,
"1591372352.28","search index=main sourcetype=""nginx-access-logs"" source=""/var/log/access.log""
| table _time client_ip code method path query
| sort -_time","splunk-web-gui","1591372352.357811",0,"UI:Search","1591371452.000000000","1591372352.000000000",0,1591372352,0,0,"1591371452.000000000","1591372352.000000000",completed,"0.077",,,,,,,,,,,,,,,,
"1591372553.29","search index=main sourcetype=""nginx-access-logs"" source=""/var/log/access.log""
| table _time client_ip code method path query
| sort -_time","splunk-web-gui","1591372553.589980",0,"UI:Search","1591282800.000000000","1591372553.000000000",1505,1591372553,1505,1505,"1591282800.000000000","1591372553.000000000",completed,"0.181",,,,,,,,,,,,,,,,
"1591372573.39","search index=main sourcetype=""nginx-access-logs"" source=""/var/log/access.log"" 123
| table _time client_ip code method path query
| sort -_time","splunk-web-gui","1591372573.105477",0,"UI:Search","1591282800.000000000","1591372573.000000000",14,1591372573,14,14,"1591282800.000000000","1591372573.000000000",completed,"0.08600000000000001",,,,,,,,,,,,,,,,
"1591372582.43","search index=main sourcetype=""nginx-access-logs"" source=""/var/log/access.log"" ss
| table _time client_ip code method path query
| sort -_time","splunk-web-gui","1591372582.229350",0,"UI:Search","1591282800.000000000","1591372582.000000000",0,1591372582,0,0,"1591282800.000000000","1591372582.000000000",completed,"0.08600000000000001",,,,,,,,,,,,,,,,
"1591372585.46","search index=main sourcetype=""nginx-access-logs"" source=""/var/log/access.log"" 456
| table _time client_ip code method path query
| sort -_time","splunk-web-gui","1591372585.212190",0,"UI:Search","1591282800.000000000","1591372585.000000000",0,1591372585,0,0,"1591282800.000000000","1591372585.000000000",completed,"0.08",,,,,,,,,,,,,,,,
"1591372586.48","search index=main sourcetype=""nginx-access-logs"" source=""/var/log/access.log"" 45
| table _time client_ip code method path query
| sort -_time","splunk-web-gui","1591372586.609495",0,"UI:Search","1591282800.000000000","1591372586.000000000",23,1591372586,23,23,"1591282800.000000000","1591372586.000000000",completed,"0.067",,,,,,,,,,,,,,,,
"1591372595.50","search index=main sourcetype=""nginx-access-logs"" source=""/var/log/access.log"" ?
| table _time client_ip code method path query
| sort -_time","splunk-web-gui","1591372595.155999",0,"UI:Search","1591282800.000000000","1591372595.000000000",6,1591372595,6,1505,"1591282800.000000000","1591372595.000000000",completed,"0.105",,,,,,,,,,,,,,,,
"1591641971.490","search index=main sourcetype=""nginx-access-logs"" source=""/var/log/access.log"" ?
| table _time client_ip code method path query
| sort -_time","splunk-web-gui","1591641971.952102",0,"UI:Search","1591552800.000000000","1591641971.000000000",1,1591641971,1,2,"1591552800.000000000","1591641971.000000000",completed,"0.32",,,,,,,,,,,,,,,,
"1592580127.3","search index=main sourcetype=""nginx-access-logs"" source=""/var/log/access.log""
| table _time client_ip code method path query
| sort -_time","splunk-web-gui","1592580127.422393",0,"UI:Search","1592579227.000000000","1592580127.000000000",108,1592580127,108,108,"1592579227.000000000","1592580127.000000000",completed,"0.10300000000000001",,,,,,,,,,,,,,,,
"1592580141.4","search index=main sourcetype=""nginx-access-logs"" source=""/var/log/access.log""
| table _time client_ip code method path query
| sort -_time","splunk-web-gui","1592580141.873086",0,"UI:Search","1592580060.000000000","1592580120.000000000",43,1592580141,43,43,"1592580060.000000000","1592580120.000000000",completed,"0.10400000000000001",,,,,,,,,,,,,,,,
"1592580182.7","search index=main sourcetype=""nginx-access-logs"" source=""/var/log/access.log"" xxx
| table _time client_ip code method path query
| sort -_time","splunk-web-gui","1592580182.843249",0,"UI:Search","1592580060.000000000","1592580120.000000000",0,1592580182,0,0,"1592580060.000000000","1592580120.000000000",completed,"0.067",,,,,,,,,,,,,,,,
"1592580184.8","search index=main sourcetype=""nginx-access-logs"" source=""/var/log/access.log"" xxx
| table _time client_ip code method path query
| sort -_time","splunk-web-gui","1592580184.264434",0,"UI:Search","1592580060.000000000","1592580120.000000000",0,1592580184,0,0,"1592580060.000000000","1592580120.000000000",completed,"0.049",,,,,,,,,,,,,,,,
"1592580187.9","search index=main sourcetype=""nginx-access-logs"" source=""/var/log/access.log"" xxxyyy
| table _time client_ip code method path query
| sort -_time","splunk-web-gui","1592580187.341536",0,"UI:Search","1592580060.000000000","1592580120.000000000",0,1592580187,0,0,"1592580060.000000000","1592580120.000000000",completed,"0.084",,,,,,,,,,,,,,,,
"1592580189.10","search index=main sourcetype=""nginx-access-logs"" source=""/var/log/access.log"" xxxyyyzzz
| table _time client_ip code method path query
| sort -_time","splunk-web-gui","1592580189.661756",0,"UI:Search","1592580060.000000000","1592580120.000000000",0,1592580189,0,0,"1592580060.000000000","1592580120.000000000",completed,"0.074",,,,,,,,,,,,,,,,
"1592580193.11","search index=main sourcetype=""nginx-access-logs"" source=""/var/log/access.log"" xxxyyyzzz
| table _time client_ip code method path query
| sort -_time","splunk-web-gui","1592580193.510293",0,"UI:Search","1592580060.000000000","1592580120.000000000",0,1592580193,0,0,"1592580060.000000000","1592580120.000000000",completed,"0.076",,,,,,,,,,,,,,,,
"1592580203.12","search index=main sourcetype=""nginx-access-logs"" source=""/var/log/access.log"" xxx
| table _time client_ip code method path query
| sort -_time","splunk-web-gui","1592580203.030342",0,"UI:Search","1592579303.000000000","1592580203.000000000",1,1592580203,1,1,"1592579303.000000000","1592580203.000000000",completed,"0.074",,,,,,,,,,,,,,,,
"1592580209.13","search index=main sourcetype=""nginx-access-logs"" source=""/var/log/access.log"" xxx*
| table _time client_ip code method path query
| sort -_time","splunk-web-gui","1592580209.124283",0,"UI:Search","1592579309.000000000","1592580209.000000000",3,1592580209,3,3,"1592579309.000000000","1592580209.000000000",completed,"0.055",,,,,,,,,,,,,,,,
"1592580227.14","search index=main sourcetype=""nginx-access-logs"" source=""/var/log/access.log"" 
| table _time client_ip code method path query
| sort -_time","splunk-web-gui","1592580227.104792",0,"UI:Search","1592579327.000000000","1592580227.000000000",164,1592580227,164,164,"1592579327.000000000","1592580227.000000000",completed,"0.059000000000000004",,,,,,,,,,,,,,,,
"1592580236.15","search index=main sourcetype=""nginx-access-logs"" source=""/var/log/access.log"" 
| table _time client_ip code method path query
| sort -_time","splunk-web-gui","1592580236.605231",0,"UI:Search","1592579336.000000000","1592580236.000000000",226,1592580236,226,226,"1592579336.000000000","1592580236.000000000",completed,"0.062",,,,,,,,,,,,,,,,
"1592580315.19","search index=main sourcetype=""nginx-access-logs"" source=""/var/log/access.log"" admin
| table _time client_ip code method path query
| sort -_time","splunk-web-gui","1592580315.270279",0,"UI:Search","1592579415.000000000","1592580315.000000000",0,1592580315,0,0,"1592579415.000000000","1592580315.000000000",completed,"0.066",,,,,,,,,,,,,,,,
"1592580318.20","search index=main sourcetype=""nginx-access-logs"" source=""/var/log/access.log"" admin
| table _time client_ip code method path query
| sort -_time","splunk-web-gui","1592580318.192163",0,"UI:Search","1592579418.000000000","1592580318.000000000",0,1592580318,0,0,"1592579418.000000000","1592580318.000000000",completed,"0.051000000000000004",,,,,,,,,,,,,,,,
"1592580325.22","search index=main sourcetype=""nginx-access-logs"" source=""/var/log/access.log"" login
| table _time client_ip code method path query
| sort -_time","splunk-web-gui","1592580325.937562",0,"UI:Search","1592579425.000000000","1592580325.000000000",5,1592580325,5,5,"1592579425.000000000","1592580325.000000000",completed,"0.093",,,,,,,,,,,,,,,,
"1592580360.26","search index=main sourcetype=""nginx-access-logs"" source=""/var/log/access.log"" login code=405
| table _time client_ip code method path query
| sort -_time","splunk-web-gui","1592580360.452650",0,"UI:Search","1592579460.000000000","1592580360.000000000",2,1592580360,2,2,"1592579460.000000000","1592580360.000000000",completed,"0.065",,,,,,,,,,,,,,,,
"1592582549.2","search index=main sourcetype=""nginx-access-logs"" source=""/var/log/access.log""
| table _time client_ip code method path query
| sort -_time","splunk-web-gui","1592582549.630863",0,"UI:Search","1592581649.000000000","1592582549.000000000",33,1592582549,33,33,"1592581649.000000000","1592582549.000000000",completed,"0.10300000000000001",,,,,,,,,,,,,,,,
"1592582641.7","search index=main sourcetype=""nginx-access-logs"" source=""/var/log/access.log"" xxx*
| table _time client_ip code method path query
| sort -_time","splunk-web-gui","1592582641.578036",0,"UI:Search","1592581741.000000000","1592582641.000000000",3,1592582641,3,45,"1592581741.000000000","1592582641.000000000",completed,"0.094",,,,,,,,,,,,,,,,
"1592582647.8","search index=main sourcetype=""nginx-access-logs"" source=""/var/log/access.log""
| table _time client_ip code method path query
| sort -_time","splunk-web-gui","1592582647.168952",0,"UI:Search","1592581747.000000000","1592582647.000000000",130,1592582647,130,130,"1592581747.000000000","1592582647.000000000",completed,"0.062",,,,,,,,,,,,,,,,
"1592583299.9","search index=main sourcetype=""nginx-access-logs"" source=""/var/log/access.log""
| table _time client_ip code method path query
| sort -_time","splunk-web-gui","1592583299.282394",0,"UI:Search","1592582399.000000000","1592583299.000000000",540,1592583299,540,540,"1592582399.000000000","1592583299.000000000",completed,"0.14100000000000001",,,,,,,,,,,,,,,,
"1592583340.14","search index=main sourcetype=""nginx-access-logs"" source=""/var/log/access.log"" 333*
| table _time client_ip code method path query
| sort -_time","splunk-web-gui","1592583340.584756",0,"UI:Search","1592582440.000000000","1592583340.000000000",3,1592583340,3,4,"1592582440.000000000","1592583340.000000000",completed,"0.092",,,,,,,,,,,,,,,,
"1592583348.15","search index=main sourcetype=""nginx-access-logs"" source=""/var/log/access.log"" 
| table _time client_ip code method path query
| sort -_time","splunk-web-gui","1592583348.874950",0,"UI:Search","1592582448.000000000","1592583348.000000000",604,1592583348,604,604,"1592582448.000000000","1592583348.000000000",completed,"0.124",,,,,,,,,,,,,,,,
"1592583653.1","search index=main sourcetype=""nginx-access-logs"" source=""/var/log/access.log""
| table _time client_ip code method path query
| sort -_time","splunk-web-gui","1592583653.744882",0,"UI:Search","1592582753.000000000","1592583653.000000000",0,1592583653,0,0,"1592582753.000000000","1592583653.000000000",completed,"0.07200000000000001",,,,,,,,,,,,,,,,
"1592583658.3","search index=main sourcetype=""nginx-access-logs"" source=""/var/log/access.log""
| table _time client_ip code method path query
| sort -_time","splunk-web-gui","1592583658.131153",0,"UI:Search","1592582758.000000000","1592583658.000000000",540,1592583658,540,540,"1592582758.000000000","1592583658.000000000",completed,"0.125",,,,,,,,,,,,,,,,
"1592583658.4","search index=main sourcetype=""nginx-access-logs"" source=""/var/log/access.log""
| table _time client_ip code method path query
| sort -_time","splunk-web-gui","1592583658.342685",0,"UI:Search","1592582758.000000000","1592583658.000000000",540,1592583658,540,540,"1592582758.000000000","1592583658.000000000",completed,"0.073",,,,,,,,,,,,,,,,
"1592583704.9","search index=main sourcetype=""nginx-access-logs"" source=""/var/log/access.log"" 333*
| table _time client_ip code method path query
| sort -_time","splunk-web-gui","1592583704.182144",0,"UI:Search","1592582804.000000000","1592583704.000000000",6,1592583704,6,6,"1592582804.000000000","1592583704.000000000",completed,"0.089",,,,,,,,,,,,,,,,
"1592583710.11","search index=main sourcetype=""nginx-access-logs"" source=""/var/log/access.log"" 
| table _time client_ip code method path query
| sort -_time","splunk-web-gui","1592583710.815069",0,"UI:Search","1592582810.000000000","1592583710.000000000",539,1592583710,539,539,"1592582810.000000000","1592583710.000000000",completed,"0.128",,,,,,,,,,,,,,,,
"1592584138.3","search index=main sourcetype=""nginx-access-logs"" source=""/var/log/access.log""
| table _time client_ip code method path query
| sort -_time","splunk-web-gui","1592584138.896082",0,"UI:Search","1592583238.000000000","1592584138.000000000",588,1592584138,588,588,"1592583238.000000000","1592584138.000000000",completed,"0.122",,,,,,,,,,,,,,,,
"1592584152.7","search index=main sourcetype=""nginx-access-logs"" source=""/var/log/access.log"" 1111*
| table _time client_ip code method path query
| sort -_time","splunk-web-gui","1592584152.283109",0,"UI:Search","1592583252.000000000","1592584152.000000000",0,1592584152,0,0,"1592583252.000000000","1592584152.000000000",completed,"0.065",,,,,,,,,,,,,,,,
"1592584154.9","search index=main sourcetype=""nginx-access-logs"" source=""/var/log/access.log"" 111*
| table _time client_ip code method path query
| sort -_time","splunk-web-gui","1592584154.615912",0,"UI:Search","1592583254.000000000","1592584154.000000000",3,1592584154,3,3,"1592583254.000000000","1592584154.000000000",completed,"0.088",,,,,,,,,,,,,,,,
"1592584162.10","search index=main sourcetype=""nginx-access-logs"" source=""/var/log/access.log"" 
| table _time client_ip code method path query
| sort -_time","splunk-web-gui","1592584162.202357",0,"UI:Search","1592583262.000000000","1592584162.000000000",551,1592584162,551,551,"1592583262.000000000","1592584162.000000000",completed,"0.078",,,,,,,,,,,,,,,,
"1592584311.1","search index=main sourcetype=""nginx-access-logs"" source=""/var/log/access.log""
| table _time client_ip code method path query
| sort -_time","splunk-web-gui","1592584311.335417",0,"UI:Search","1592583411.000000000","1592584311.000000000",0,1592584311,0,0,"1592583411.000000000","1592584311.000000000",completed,"0.076",,,,,,,,,,,,,,,,
"1592584317.3","search index=main sourcetype=""nginx-access-logs"" source=""/var/log/access.log""
| table _time client_ip code method path query
| sort -_time","splunk-web-gui","1592584317.730158",0,"UI:Search","1592583417.000000000","1592584317.000000000",506,1592584317,506,506,"1592583417.000000000","1592584317.000000000",completed,"0.121",,,,,,,,,,,,,,,,
"1592584362.7","search index=main sourcetype=""nginx-access-logs"" source=""/var/log/access.log"" 555*
| table _time client_ip code method path query
| sort -_time","splunk-web-gui","1592584362.589291",0,"UI:Search","1592583462.000000000","1592584362.000000000",3,1592584362,3,3,"1592583462.000000000","1592584362.000000000",completed,"0.117",,,,,,,,,,,,,,,,
"1592584371.9","search index=main sourcetype=""nginx-access-logs"" source=""/var/log/access.log"" 
| table _time client_ip code method path query
| sort -_time","splunk-web-gui","1592584371.296456",0,"UI:Search","1592583471.000000000","1592584371.000000000",527,1592584371,527,527,"1592583471.000000000","1592584371.000000000",completed,"0.116",,,,,,,,,,,,,,,,
"1592587133.2","search index=main sourcetype=""nginx-access-logs"" source=""/var/log/access.log""
| table _time client_ip code method path query
| sort -_time","splunk-web-gui","1592587133.462580",0,"UI:Search","1592586233.000000000","1592587133.000000000",0,1592587133,0,0,"1592586233.000000000","1592587133.000000000",completed,"0.078",,,,,,,,,,,,,,,,
"1592587139.3","search index=main sourcetype=""nginx-access-logs"" source=""/var/log/access.log""
| table _time client_ip code method path query
| sort -_time","splunk-web-gui","1592587139.091549",0,"UI:Search","1592586239.000000000","1592587139.000000000",0,1592587139,0,0,"1592586239.000000000","1592587139.000000000",completed,"0.07200000000000001",,,,,,,,,,,,,,,,
"1592587144.4","search index=main sourcetype=""nginx-access-logs"" source=""/var/log/access.log""
| table _time client_ip code method path query
| sort -_time","splunk-web-gui","1592587144.188642",0,"UI:Search","1592586244.000000000","1592587144.000000000",0,1592587144,0,0,"1592586244.000000000","1592587144.000000000",completed,"0.073",,,,,,,,,,,,,,,,
"1592587145.5","search index=main sourcetype=""nginx-access-logs"" source=""/var/log/access.log""
| table _time client_ip code method path query
| sort -_time","splunk-web-gui","1592587145.711074",0,"UI:Search","1592586245.000000000","1592587145.000000000",0,1592587145,0,0,"1592586245.000000000","1592587145.000000000",completed,"0.076",,,,,,,,,,,,,,,,
"1592587146.6","search index=main sourcetype=""nginx-access-logs"" source=""/var/log/access.log""
| table _time client_ip code method path query
| sort -_time","splunk-web-gui","1592587146.848674",0,"UI:Search","1592586246.000000000","1592587146.000000000",0,1592587146,0,0,"1592586246.000000000","1592587146.000000000",completed,"0.044",,,,,,,,,,,,,,,,
"1592587147.8","search index=main sourcetype=""nginx-access-logs"" source=""/var/log/access.log""
| table _time client_ip code method path query
| sort -_time","splunk-web-gui","1592587147.744923",0,"UI:Search","1592586247.000000000","1592587147.000000000",0,1592587147,0,0,"1592586247.000000000","1592587147.000000000",completed,"0.079",,,,,,,,,,,,,,,,
"1592587147.9","search index=main sourcetype=""nginx-access-logs"" source=""/var/log/access.log""
| table _time client_ip code method path query
| sort -_time","splunk-web-gui","1592587147.885719",0,"UI:Search","1592586247.000000000","1592587147.000000000",0,1592587147,0,0,"1592586247.000000000","1592587147.000000000",completed,"0.044",,,,,,,,,,,,,,,,
"1592587148.10","search index=main sourcetype=""nginx-access-logs"" source=""/var/log/access.log""
| table _time client_ip code method path query
| sort -_time","splunk-web-gui","1592587148.881196",0,"UI:Search","1592586248.000000000","1592587148.000000000",0,1592587148,0,0,"1592586248.000000000","1592587148.000000000",completed,"0.049",,,,,,,,,,,,,,,,
"1592587149.11","search index=main sourcetype=""nginx-access-logs"" source=""/var/log/access.log""
| table _time client_ip code method path query
| sort -_time","splunk-web-gui","1592587149.715863",0,"UI:Search","1592586249.000000000","1592587149.000000000",0,1592587149,0,0,"1592586249.000000000","1592587149.000000000",completed,"0.045",,,,,,,,,,,,,,,,
"1592587150.12","search index=main sourcetype=""nginx-access-logs"" source=""/var/log/access.log""
| table _time client_ip code method path query
| sort -_time","splunk-web-gui","1592587150.505658",0,"UI:Search","1592586250.000000000","1592587150.000000000",0,1592587150,0,0,"1592586250.000000000","1592587150.000000000",completed,"0.049",,,,,,,,,,,,,,,,
"1592587151.13","search index=main sourcetype=""nginx-access-logs"" source=""/var/log/access.log""
| table _time client_ip code method path query
| sort -_time","splunk-web-gui","1592587151.808359",0,"UI:Search","1592586251.000000000","1592587151.000000000",0,1592587151,0,0,"1592586251.000000000","1592587151.000000000",completed,"0.051000000000000004",,,,,,,,,,,,,,,,
"1592587152.14","search index=main sourcetype=""nginx-access-logs"" source=""/var/log/access.log""
| table _time client_ip code method path query
| sort -_time","splunk-web-gui","1592587152.824031",0,"UI:Search","1592586252.000000000","1592587152.000000000",0,1592587152,0,0,"1592586252.000000000","1592587152.000000000",completed,"0.07200000000000001",,,,,,,,,,,,,,,,
"1592587153.15","search index=main sourcetype=""nginx-access-logs"" source=""/var/log/access.log""
| table _time client_ip code method path query
| sort -_time","splunk-web-gui","1592587153.662640",0,"UI:Search","1592586253.000000000","1592587153.000000000",0,1592587153,0,0,"1592586253.000000000","1592587153.000000000",completed,"0.044",,,,,,,,,,,,,,,,
"1592587154.16","search index=main sourcetype=""nginx-access-logs"" source=""/var/log/access.log""
| table _time client_ip code method path query
| sort -_time","splunk-web-gui","1592587154.595729",0,"UI:Search","1592586254.000000000","1592587154.000000000",0,1592587154,0,0,"1592586254.000000000","1592587154.000000000",completed,"0.048",,,,,,,,,,,,,,,,
"1592587178.17","search index=main sourcetype=""nginx-access-logs"" source=""/var/log/access.log""
| table _time client_ip code method path query
| sort -_time","splunk-web-gui","1592587178.625887",0,"UI:Search","1592586278.000000000","1592587178.000000000",53,1592587178,53,53,"1592586278.000000000","1592587178.000000000",completed,"0.10200000000000001",,,,,,,,,,,,,,,,
"1592587179.18","search index=main sourcetype=""nginx-access-logs"" source=""/var/log/access.log""
| table _time client_ip code method path query
| sort -_time","splunk-web-gui","1592587179.722397",0,"UI:Search","1592586279.000000000","1592587179.000000000",53,1592587179,53,53,"1592586279.000000000","1592587179.000000000",completed,"0.059000000000000004",,,,,,,,,,,,,,,,
"1592587295.3","search index=main sourcetype=""nginx-access-logs"" source=""/var/log/access.log""
| table _time client_ip code method path query
| sort -_time","splunk-web-gui","1592587295.319109",0,"UI:Search","1592586395.000000000","1592587295.000000000",112,1592587295,112,112,"1592586395.000000000","1592587295.000000000",completed,"0.108",,,,,,,,,,,,,,,,
"1592587306.8","search index=main sourcetype=""nginx-access-logs"" source=""/var/log/access.log"" 111*
| table _time client_ip code method path query
| sort -_time","splunk-web-gui","1592587306.455964",0,"UI:Search","1592586406.000000000","1592587306.000000000",3,1592587306,3,3,"1592586406.000000000","1592587306.000000000",completed,"0.093",,,,,,,,,,,,,,,,
"1592587312.10","search index=main sourcetype=""nginx-access-logs"" source=""/var/log/access.log"" 
| table _time client_ip code method path query
| sort -_time","splunk-web-gui","1592587312.952210",0,"UI:Search","1592586412.000000000","1592587312.000000000",112,1592587312,112,112,"1592586412.000000000","1592587312.000000000",completed,"0.099",,,,,,,,,,,,,,,,
"1592587697.3","search index=main sourcetype=""nginx-access-logs"" source=""/var/log/access.log""
| table _time client_ip code method path query
| sort -_time","splunk-web-gui","1592587697.144308",0,"UI:Search","1592586797.000000000","1592587697.000000000",264,1592587697,264,264,"1592586797.000000000","1592587697.000000000",completed,"0.11",,,,,,,,,,,,,,,,
"1592587736.7","search index=main sourcetype=""nginx-access-logs"" source=""/var/log/access.log"" xxx*
| table _time client_ip code method path query
| sort -_time","splunk-web-gui","1592587736.387913",0,"UI:Search","1592586836.000000000","1592587736.000000000",3,1592587736,3,3,"1592586836.000000000","1592587736.000000000",completed,"0.094",,,,,,,,,,,,,,,,
"1592587746.9","search index=main sourcetype=""nginx-access-logs"" source=""/var/log/access.log"" 
| table _time client_ip code method path query
| sort -_time","splunk-web-gui","1592587746.166995",0,"UI:Search","1592586846.000000000","1592587746.000000000",331,1592587746,331,331,"1592586846.000000000","1592587746.000000000",completed,"0.114",,,,,,,,,,,,,,,,
"1592587762.10","search index=main sourcetype=""nginx-access-logs"" source=""/var/log/access.log"" 
| table _time client_ip code method path query
| sort -_time","splunk-web-gui","1592587762.915153",0,"UI:Search","1592586862.000000000","1592587762.000000000",331,1592587762,331,331,"1592586862.000000000","1592587762.000000000",completed,"0.07200000000000001",,,,,,,,,,,,,,,,
"1592587773.11","search index=main sourcetype=""nginx-access-logs"" source=""/var/log/access.log"" 
| table _time client_ip code method path query
| sort -_time","splunk-web-gui","1592587773.742595",0,"UI:Search","1592586873.000000000","1592587773.000000000",331,1592587773,331,331,"1592586873.000000000","1592587773.000000000",completed,"0.07",,,,,,,,,,,,,,,,
"1592587776.12","search index=main sourcetype=""nginx-access-logs"" source=""/var/log/access.log"" 
| table _time client_ip code method path query
| sort -_time","splunk-web-gui","1592587776.303566",0,"UI:Search","1592586876.000000000","1592587776.000000000",331,1592587776,331,331,"1592586876.000000000","1592587776.000000000",completed,"0.066",,,,,,,,,,,,,,,,
"1592587777.13","search index=main sourcetype=""nginx-access-logs"" source=""/var/log/access.log"" 
| table _time client_ip code method path query
| sort -_time","splunk-web-gui","1592587777.553282",0,"UI:Search","1592586877.000000000","1592587777.000000000",331,1592587777,331,331,"1592586877.000000000","1592587777.000000000",completed,"0.076",,,,,,,,,,,,,,,,
"1592587778.14","search index=main sourcetype=""nginx-access-logs"" source=""/var/log/access.log"" 
| table _time client_ip code method path query
| sort -_time","splunk-web-gui","1592587778.673309",0,"UI:Search","1592586878.000000000","1592587778.000000000",331,1592587778,331,331,"1592586878.000000000","1592587778.000000000",completed,"0.065",,,,,,,,,,,,,,,,
"1592587779.15","search index=main sourcetype=""nginx-access-logs"" source=""/var/log/access.log"" 
| table _time client_ip code method path query
| sort -_time","splunk-web-gui","1592587779.702565",0,"UI:Search","1592586879.000000000","1592587779.000000000",331,1592587779,331,331,"1592586879.000000000","1592587779.000000000",completed,"0.065",,,,,,,,,,,,,,,,
"1592587783.16","search index=main sourcetype=""nginx-access-logs"" source=""/var/log/access.log"" 
| table _time client_ip code method path query
| sort -_time","splunk-web-gui","1592587783.926105",0,"UI:Search","1592586883.000000000","1592587783.000000000",331,1592587783,331,331,"1592586883.000000000","1592587783.000000000",completed,"0.065",,,,,,,,,,,,,,,,
"1592587785.17","search index=main sourcetype=""nginx-access-logs"" source=""/var/log/access.log"" 
| table _time client_ip code method path query
| sort -_time","splunk-web-gui","1592587785.075886",0,"UI:Search","1592586885.000000000","1592587785.000000000",331,1592587785,331,331,"1592586885.000000000","1592587785.000000000",completed,"0.067",,,,,,,,,,,,,,,,
"1592587786.18","search index=main sourcetype=""nginx-access-logs"" source=""/var/log/access.log"" 
| table _time client_ip code method path query
| sort -_time","splunk-web-gui","1592587786.087753",0,"UI:Search","1592586886.000000000","1592587786.000000000",331,1592587786,331,331,"1592586886.000000000","1592587786.000000000",completed,"0.068",,,,,,,,,,,,,,,,
"1592590790.3","search index=main sourcetype=""nginx-access-logs"" source=""/var/log/access.log""
| table _time client_ip code method path query
| sort -_time","splunk-web-gui","1592590790.440402",0,"UI:Search","1592589890.000000000","1592590790.000000000",65,1592590790,65,65,"1592589890.000000000","1592590790.000000000",completed,"0.11",,,,,,,,,,,,,,,,
"1592590833.8","search index=main sourcetype=""nginx-access-logs"" source=""/var/log/access.log"" 111*
| table _time client_ip code method path query
| sort -_time","splunk-web-gui","1592590833.837213",0,"UI:Search","1592589933.000000000","1592590833.000000000",3,1592590833,3,68,"1592589933.000000000","1592590833.000000000",completed,"0.091",,,,,,,,,,,,,,,,
"1592590849.9","search index=main sourcetype=""nginx-access-logs"" source=""/var/log/access.log"" 
| table _time client_ip code method path query
| sort -_time","splunk-web-gui","1592590849.783849",0,"UI:Search","1592589949.000000000","1592590849.000000000",142,1592590849,142,142,"1592589949.000000000","1592590849.000000000",completed,"0.059000000000000004",,,,,,,,,,,,,,,,
